1,2018-03-04 04:20:05,2018-03-04 04:45:07,N,5,3,5,0,0,0,0,0,,0,2,,,2,0,42,94
1,2018-01-26 18:56:52,2018-01-26 19:07:55,N,5,1,1.7,0,0,0,0,0,,0,2,,,2,0,243,244
1,2018-01-27 05:44:10,2018-01-27 05:52:01,N,5,1,2.7,0,0,0,0,0,,0,2,,,2,0,185,212
1,2018-03-15 09:13:24,2018-03-15 09:34:27,N,5,1,2.7,0,0,0,0,0,,0,2,,,2,0,94,167
1,2018-04-01 11:27:12,2018-04-01 11:45:28,N,5,3,3.9,0,0,0,0,0,,0,2,,,2,0,41,119
1,2018-03-23 12:18:44,2018-03-23 12:19:23,N,1,1,1.6,0,0,0,0,0,,0,1,,,1,0,195,195
1,2018-03-12 15:07:04,2018-03-12 15:11:38,N,5,1,0.7,0,0,0,0,0,,0,2,,,2,0,168,159
2,2018-01-06 21:32:21,2018-01-06 22:00:17,N,1,6,9.42,0,0,0,0,0,,0,2,,,1,0,107,42
2,2018-02-01 09:28:53,2018-02-01 09:46:57,N,1,5,0.25,0,0,0,0,0,,0,2,,,1,0,260,207
2,2018-01-17 16:06:15,2018-01-17 16:07:33,N,1,1,0,0,0,0,0,0,,0,1,,,1,0,193,193
1,2018-04-13 17:46:43,2018-04-13 18:14:31,N,5,1,3.5,0,0,0,0,0,,0,2,,,2,0,116,94
1,2018-04-23 09:13:58,2018-04-23 09:24:44,N,5,1,1.1,0,0,0,0,0,,0,2,,,2,0,167,147
1,2018-04-18 17:52:25,2018-04-18 18:23:44,N,5,1,7.1,0,0,0,0,0,,0,2,,,2,0,254,119
2,2018-02-13 15:52:50,2018-02-13 15:53:28,N,1,1,0,0,0,0,0,0,,0,1,,,1,0,193,193
1,2018-03-27 02:40:56,2018-03-27 02:50:55,N,5,1,1.7,0,0,0,0,0,,0,2,,,2,0,241,254
1,2018-01-19 03:25:31,2018-01-19 03:42:38,N,5,1,3.8,0,0,0,0,0,,0,2,,,2,0,129,129
1,2018-04-15 08:22:49,2018-04-15 08:33:55,N,5,1,2.6,0,0,0,0,0,,0,2,,,2,0,213,212
1,2018-02-05 07:10:59,2018-02-05 07:25:44,N,5,1,2,0,0,0,0,0,,0,3,,,2,0,168,167
1,2018-04-16 12:40:49,2018-04-16 12:47:07,N,5,2,1.1,0,0,0,0,0,,0,2,,,2,0,242,242
1,2018-03-12 09:18:18,2018-03-12 09:18:18,N,5,1,0,0,0,0,0,0,,0,2,,,1,0,264,242
2,2018-03-28 21:56:51,2018-03-28 21:57:17,N,1,1,0,0,0,0,0,0,,0,1,,,1,0,193,193
1,2018-05-05 15:51:36,2018-05-05 15:52:16,N,5,2,0.1,0,0,0,0,0,,0,2,,,2,0,74,74
1,2018-01-31 19:31:08,2018-01-31 19:32:16,N,5,1,1.4,0,0,0.5,0,0,,0.5,4,,,2,0,235,235
2,2018-03-28 13:40:08,2018-03-28 13:41:38,N,1,1,0,1.1,0,0.5,0,0,,1.9,2,,,1,0.3,264,264
2,2018-01-16 08:05:38,2018-01-17 00:00:00,N,5,1,2.72,1,0,0,0,0,,1,2,,,2,0,235,248
2,2018-01-31 06:09:23,2018-01-31 06:09:51,N,5,1,0.04,0.15,0,0,0,0,,0.15,2,,,2,0,42,42
2,2018-04-29 19:41:07,2018-04-29 20:32:48,N,1,1,18.46,54.5,0,0.5,0,0,,55.3,1,,,1,0.3,17,180
2,2018-03-09 06:25:58,2018-03-09 07:25:59,N,1,2,17.63,54.5,0,0.5,0,0,,55.3,1,,,1,0.3,75,149
2,2018-03-17 23:43:58,2018-03-18 00:10:02,N,1,1,20.2,54.5,0.5,0.5,0,5.76,,61.56,1,,,1,0.3,74,191
2,2018-04-26 20:22:35,2018-04-26 21:21:08,N,1,1,17.4,54.5,0.5,0.5,0,0,,55.8,1,,,1,0.3,108,255
2,2018-04-23 08:59:59,2018-04-23 09:57:07,N,1,1,6.77,35.5,0,0.5,0,0,,36.3,1,,,1,0.3,83,82
2,2018-04-17 12:30:09,2018-04-17 13:14:10,N,1,1,9.33,35.5,0,0.5,0,0,,36.3,1,,,1,0.3,28,17
2,2018-02-22 12:53:31,2018-02-22 13:28:07,N,1,1,11.05,35.5,0,0.5,0,0,,36.3,2,,,1,0.3,231,260
2,2018-03-27 05:17:14,2018-03-27 05:40:42,N,1,1,12.48,35.5,0.5,0.5,0,0,,36.8,1,,,1,0.3,228,149
2,2018-03-20 20:22:25,2018-03-20 20:55:13,N,1,5,12.06,35.5,0.5,0.5,0,0,,36.8,2,,,1,0.3,70,52
2,2018-02-22 23:28:56,2018-02-22 23:53:25,N,1,1,12.74,35.5,0.5,0.5,0,0,,36.8,1,,,1,0.3,161,20
2,2018-04-27 21:50:38,2018-04-27 22:20:58,N,1,1,12.16,35.5,0.5,0.5,0,0,,36.8,2,,,1,0.3,166,97
2,2018-03-28 22:23:22,2018-03-28 22:51:12,N,1,1,12.01,35.5,0.5,0.5,0,0,,36.8,1,,,1,0.3,222,76
2,2018-04-14 21:34:31,2018-04-14 22:28:46,N,1,1,7.27,35.5,0.5,0.5,11.04,0,,47.84,1,,,1,0.3,77,181
2,2018-04-12 06:45:04,2018-04-12 07:12:37,N,1,1,12.03,35.5,0,0.5,0,5.76,,42.06,1,,,1,0.3,254,92
2,2018-04-25 19:54:16,2018-04-25 20:26:32,N,1,1,11.74,35.5,1,0.5,0,0,,37.3,1,,,1,0.3,51,75
2,2018-03-06 17:55:38,2018-03-06 18:39:30,N,1,1,10.07,35.5,1,0.5,0,0,,37.3,1,,,1,0.3,205,77
2,2018-04-18 05:26:40,2018-04-18 05:57:10,N,1,1,11.2,35.5,0.5,0.5,1.84,0,,40.59,1,,,1,0.3,100,94
2,2018-02-20 01:15:36,2018-02-20 01:16:17,N,1,4,0.04,-2.5,-0.5,-0.5,0,0,,-3.8,4,,,1,-0.3,168,168
2,2018-04-28 03:08:15,2018-04-28 03:08:53,N,1,1,0.04,-2.5,-0.5,-0.5,0,0,,-3.8,4,,,1,-0.3,223,223
2,2018-02-01 11:05:49,2018-02-01 11:06:12,N,1,1,0.02,-2.5,0,-0.5,0,0,,-3.3,4,,,1,-0.3,40,40
2,2018-03-19 09:20:53,2018-03-19 09:21:16,N,1,1,0.01,-2.5,0,-0.5,0,0,,-3.3,3,,,1,-0.3,74,74
2,2018-01-20 15:42:24,2018-01-20 16:53:12,N,1,1,14.56,52,0,0.5,0,0,,52.8,1,,,1,0.3,36,55
2,2018-02-01 07:59:46,2018-02-01 09:12:18,N,1,2,13.49,52,0,0.5,0,0,,52.8,1,,,1,0.3,45,69
2,2018-03-06 12:19:25,2018-03-06 13:13:51,N,1,1,15.31,52,0,0.5,0,0,,52.8,1,,,1,0.3,205,181
2,2018-02-11 05:08:57,2018-02-12 00:00:00,N,2,1,0,52,0,0.5,0,0,,52.8,2,,,1,0.3,61,49
2,2018-04-30 09:47:33,2018-04-30 09:47:41,N,2,1,0.01,52,0,0.5,0,0,,52.8,2,,,1,0.3,244,244
2,2018-01-27 20:33:58,2018-01-27 20:34:26,N,2,1,0.04,52,0,0.5,0,0,,52.8,2,,,1,0.3,189,189
2,2018-01-26 20:46:24,2018-01-26 21:24:48,N,1,1,17.85,52,0.5,0.5,0,5.76,,59.06,1,,,1,0.3,64,75
2,2018-03-30 15:59:16,2018-03-30 16:59:02,N,2,1,17.39,52,4.5,0.5,0,5.76,,63.06,2,,,1,0.3,132,41
2,2018-04-30 16:41:20,2018-04-30 18:00:15,N,2,1,17.85,52,4.5,0.5,12.88,5.76,,75.94,1,,,1,0.3,132,74
2,2018-03-21 05:29:26,2018-03-21 05:59:51,N,2,3,18.27,52,0,0.5,0,5.76,,58.56,2,,,1,0.3,132,166
2,2018-03-07 09:57:49,2018-03-07 10:34:27,N,1,1,18.52,52,0,0.5,0,5.76,,58.56,1,,,1,0.3,228,42
2,2018-01-17 12:48:45,2018-01-17 13:15:19,N,2,1,16.74,52,0,0.5,0,5.76,,58.56,2,,,1,0.3,132,74
2,2018-03-12 12:38:26,2018-03-12 13:26:10,N,2,2,17.25,52,0,0.5,0,5.76,,58.56,1,,,1,0.3,132,74
1,2018-04-15 23:06:54,2018-04-15 23:39:43,N,1,1,19.3,52,0.5,0.5,11.8,5.76,,70.86,1,,,1,0.3,43,37
2,2018-03-19 09:15:19,2018-03-19 09:49:21,N,2,6,15.32,52,0,0.5,8.78,5.76,,67.34,1,,,1,0.3,10,75
2,2018-01-18 07:27:49,2018-01-18 08:34:08,N,1,1,14.43,52,0,0.5,10.56,0,,63.36,1,,,1,0.3,189,132
2,2018-03-08 09:38:30,2018-03-08 10:16:30,N,2,1,22.38,52,0,0.5,10.56,0,,63.36,1,,,1,0.3,132,127
2,2018-02-23 05:43:52,2018-02-23 06:10:46,N,2,1,18.07,52,0,0.5,10.56,0,,63.36,1,,,1,0.3,132,65
1,2018-05-07 06:40:14,2018-05-07 07:03:10,N,2,1,17,52,0,0.5,10,0,,62.8,1,,,1,0.3,132,74
2,2018-03-20 09:26:49,2018-03-20 10:00:24,N,2,1,17.06,52,0,0.5,11.71,5.76,,70.27,1,,,1,0.3,132,74
2,2018-01-10 20:21:46,2018-01-10 21:01:03,N,2,1,19.11,52,0,0.5,11.71,5.76,,70.27,1,,,1,0.3,132,116
2,2018-05-06 20:32:10,2018-05-06 21:15:34,N,2,1,19.94,52,0,0.5,11.71,5.76,,70.27,1,,,1,0.3,132,116
2,2018-04-11 12:59:01,2018-04-11 13:46:39,N,1,1,7.43,33,0,0.5,0,0,,33.8,1,,,1,0.3,181,76
2,2018-01-27 13:41:35,2018-01-27 14:28:25,N,1,1,7.28,33,0,0.5,0,0,,33.8,1,,,1,0.3,39,106
2,2018-03-20 09:08:11,2018-03-20 09:57:26,N,1,1,7.06,33,0,0.5,0,0,,33.8,1,,,1,0.3,140,17
2,2018-02-28 10:33:56,2018-02-28 11:20:26,N,1,1,6.89,33,0,0.5,0,0,,33.8,1,,,1,0.3,97,149
2,2018-01-21 12:06:13,2018-01-21 12:36:50,N,1,2,10.79,33,0,0.5,0,0,,33.8,2,,,1,0.3,232,7
2,2018-03-17 18:38:20,2018-03-17 19:04:36,N,1,1,11.14,33,0,0.5,0,0,,33.8,2,,,1,0.3,215,7
2,2018-03-08 08:23:05,2018-03-08 08:57:52,N,1,1,10.11,33,0,0.5,0,0,,33.8,1,,,1,0.3,231,75
2,2018-02-09 11:34:38,2018-02-09 12:12:12,N,1,1,9.33,33,0,0.5,0,0,,33.8,1,,,1,0.3,231,116
2,2018-01-05 23:34:54,2018-01-06 00:06:29,N,1,1,10.69,33,0.5,0.5,0,0,,34.3,2,,,1,0.3,166,255
2,2018-03-09 10:38:21,2018-03-09 11:14:26,N,1,1,9.88,33,0,0.5,6.76,0,,40.56,1,,,1,0.3,236,66
2,2018-03-21 09:13:11,2018-03-21 09:38:35,N,1,5,11.08,33,0,0.5,0,5.76,,39.56,1,,,1,0.3,170,213
1,2018-01-22 16:11:29,2018-01-22 16:47:53,N,1,1,8.7,33,1,0.5,5.22,0,,40.02,1,,,1,0.3,89,14
2,2018-04-04 09:22:24,2018-04-04 09:47:22,N,1,1,11.72,33,0,0.5,3.5,0,,37.3,1,,,1,0.3,134,66
2,2018-02-28 17:25:13,2018-02-28 18:18:38,N,1,1,6.17,33,1,0.5,0,0,,34.8,1,,,1,0.3,91,37
2,2018-04-10 17:57:19,2018-04-10 18:43:47,N,1,1,7.8,33,1,0.5,0,0,,34.8,1,,,1,0.3,39,33
1,2018-04-09 16:18:05,2018-04-09 16:48:24,N,1,1,10.3,33,1,0.5,0,0,,34.8,2,,,1,0.3,231,244
2,2018-01-27 04:40:52,2018-01-27 05:05:49,N,1,6,11.21,33,0.5,0.5,8.58,0,,42.88,1,,,1,0.3,161,95
1,2018-03-29 10:33:44,2018-03-29 11:13:47,N,1,1,8.6,33,0,0.5,5.07,0,,38.87,1,,,1,0.3,229,52
1,2018-03-18 02:04:05,2018-03-18 02:37:33,N,1,1,10.5,33,0.5,0.5,6.85,0,,41.15,1,,,1,0.3,151,17
2,2009-01-01 21:43:55,2009-01-01 22:42:05,N,1,1,31.91,87.5,0.5,0.5,0,2.16,,90.96,1,,,1,0.3,7,117
2,2018-04-12 07:53:43,2018-04-12 11:10:40,N,1,2,25.76,123,0,0.5,5,0,,128.8,1,,,1,0.3,227,7
2,2018-04-30 14:03:29,2018-04-30 15:00:17,N,1,3,14.81,49.5,0,0.5,0,2.16,,52.46,1,,,1,0.3,201,225
2,2018-04-20 10:50:11,2018-04-20 11:26:56,N,1,1,17.45,49.5,0,0.5,0,0,,50.3,1,,,1,0.3,72,228
2,2018-02-07 19:42:28,2018-02-07 20:36:46,N,1,1,14.42,49.5,1,0.5,6,5.76,,63.06,1,,,1,0.3,133,75
2,2018-05-03 18:29:37,2018-05-03 19:21:57,N,1,5,16.02,49.5,1,0.5,0,0,,51.3,1,,,1,0.3,256,219
2,2018-04-18 15:18:04,2018-04-18 16:01:36,N,1,1,7.72,30.5,0,0.5,5,0,,36.3,1,,,1,0.3,7,66
2,2018-04-24 07:33:19,2018-04-24 07:58:12,N,1,6,9.88,30.5,0,0.5,5,0,,36.3,1,,,1,0.3,121,179
2,2018-03-08 13:08:38,2018-03-08 13:41:57,N,1,1,8.47,30.5,0,0.5,0,0,,31.3,1,,,1,0.3,17,227
2,2018-02-14 12:42:57,2018-02-14 13:25:46,N,1,5,5.99,30.5,0,0.5,0,0,,31.3,1,,,1,0.3,263,247
2,2018-04-13 13:56:46,2018-04-13 14:34:51,N,1,1,6.38,30.5,0,0.5,0,0,,31.3,1,,,1,0.3,82,131
2,2018-04-24 11:26:33,2018-04-24 12:08:40,N,1,3,7.67,30.5,0,0.5,0,0,,31.3,1,,,1,0.3,222,25
2,2018-01-03 21:01:18,2018-01-03 21:29:06,N,1,1,9.35,30.5,0.5,0.5,0,0,,31.8,2,,,1,0.3,45,41
2,2018-04-25 16:18:26,2018-04-25 16:55:01,N,1,2,9.33,30.5,1,0.5,0,5.76,,38.06,1,,,1,0.3,51,73
2,2018-05-07 08:07:55,2018-05-07 08:50:22,N,1,1,7.02,30.5,0,0.5,2,0,,33.3,1,,,1,0.3,164,116
2,2018-01-12 09:58:05,2018-01-12 10:41:29,N,1,1,7.9,30.5,0,0.5,0,5.76,,37.06,2,,,1,0.3,249,83
2,2018-04-22 17:25:16,2018-04-22 18:06:13,N,1,1,7.97,30.5,0,0.5,7.82,0,,39.12,1,,,1,0.3,198,181
1,2018-02-23 19:06:26,2018-02-23 19:50:43,N,1,1,6.8,30.5,1,0.5,0,0,,32.3,2,,,1,0.3,165,17
2,2018-01-25 16:01:53,2018-01-25 16:38:31,N,1,1,7.97,30.5,1,0.5,0,0,,32.3,1,,,1,0.3,203,197
2,2018-04-04 09:59:30,2018-04-04 10:24:42,N,1,1,9.71,30.5,0,0.5,7.41,5.76,,46.42,1,,,1,0.3,92,166
1,2018-03-31 11:42:18,2018-03-31 12:18:01,N,1,1,8.2,30.5,0,0.5,6.25,0,,37.55,1,,,1,0.3,211,82
1,2018-02-20 07:06:38,2018-02-20 07:33:00,N,1,1,10.4,30.5,0,0.5,6.25,0,,37.55,1,,,1,0.3,138,33
2,2018-01-08 16:32:56,2018-01-08 18:14:32,N,1,1,26.77,85,1,0.5,0,2.16,,88.96,1,,,1,0.3,201,16
2,2018-03-23 09:07:19,2018-03-23 10:02:55,N,1,1,14.07,47,0,0.5,0,0,,47.8,1,,,1,0.3,75,188
1,2018-04-14 18:34:42,2018-04-14 19:36:56,N,1,1,12.2,47,0,0.5,10.7,5.76,,64.26,1,,,1,0.3,75,260
2,2018-02-22 18:54:40,2018-02-22 19:44:31,N,1,1,15.67,47,1,0.5,7.32,0,,58.07,1,,,1,0.3,132,256
2,2018-04-04 20:28:29,2018-04-04 20:52:33,N,1,1,8.87,28,0.5,0.5,5.86,0,,35.16,1,,,1,0.3,263,40
2,2018-05-03 02:04:02,2018-05-03 02:25:35,N,1,1,9.32,28,0.5,0.5,5.86,0,,35.16,1,,,1,0.3,188,255
2,2018-04-14 01:07:22,2018-04-14 01:29:25,N,1,1,9.34,28,0.5,0.5,5.86,0,,35.16,1,,,1,0.3,134,7
2,2018-04-26 22:23:09,2018-04-26 22:48:44,N,1,1,9.07,28,0.5,0.5,5.86,0,,35.16,1,,,1,0.3,106,145
2,2018-04-28 23:56:59,2018-04-29 00:13:52,N,1,1,9.76,28,0.5,0.5,5.86,0,,35.16,1,,,1,0.3,7,130
2,2018-04-07 10:59:38,2018-04-07 11:34:35,N,1,1,7.04,28,0,0.5,8.64,0,,37.44,1,,,1,0.3,234,166
2,2018-04-18 10:23:25,2018-04-18 10:45:18,N,1,1,9.24,28,0,0.5,0,0,,28.8,2,,,1,0.3,130,226
2,2018-01-27 18:24:29,2018-01-27 18:57:29,N,1,1,8.39,28,0,0.5,0,0,,28.8,2,,,1,0.3,236,182
2,2018-01-28 16:24:46,2018-01-28 17:04:34,N,1,1,6.48,28,0,0.5,0,0,,28.8,2,,,1,0.3,20,116
2,2018-05-06 18:01:46,2018-05-06 18:41:06,N,1,2,7.48,28,0,0.5,0,0,,28.8,1,,,1,0.3,36,165
2,2018-03-26 08:24:26,2018-03-26 09:16:14,N,1,5,0,28,0,0.5,0,0,,28.8,1,,,1,0.3,226,95
2,2018-04-27 14:39:53,2018-04-27 15:22:06,N,1,1,6.26,28,0,0.5,0,0,,28.8,1,,,1,0.3,43,129
2,2018-01-13 12:21:09,2018-01-13 12:53:31,N,1,2,7.72,28,0,0.5,0,0,,28.8,1,,,1,0.3,33,85
2,2018-01-27 15:13:54,2018-01-27 15:52:02,N,1,1,6.29,28,0,0.5,0,0,,28.8,1,,,1,0.3,136,81
2,2018-01-17 12:22:11,2018-01-17 12:56:38,N,1,1,6.93,28,0,0.5,0,0,,28.8,1,,,1,0.3,107,166
2,2018-04-05 14:58:12,2018-04-05 15:18:20,N,1,1,9.99,28,0,0.5,0,0,,28.8,2,,,1,0.3,265,212
2,2018-02-08 15:24:34,2018-02-08 16:08:40,N,1,1,5.34,28,0,0.5,0,0,,28.8,1,,,1,0.3,85,61
2,2018-04-26 09:18:19,2018-04-26 10:02:30,N,1,1,4.9,28,0,0.5,0,0,,28.8,1,,,1,0.3,25,177
2,2018-01-12 13:50:15,2018-01-12 14:17:53,N,1,1,8.63,28,0,0.5,0,0,,28.8,1,,,1,0.3,191,82
2,2018-05-05 14:47:05,2018-05-05 15:22:37,N,1,1,7.11,28,0,0.5,0,0,,28.8,2,,,1,0.3,24,74
2,2018-02-13 19:22:13,2018-02-13 19:58:18,N,1,2,7.43,28,1,0.5,5.96,0,,35.76,1,,,1,0.3,166,7
2,2018-04-09 09:37:41,2018-04-09 10:14:41,N,1,1,6.4,28,0,0.5,7.2,0,,36,1,,,1,0.3,234,24
1,2018-01-22 20:31:41,2018-01-22 20:50:17,N,1,1,9.6,28,0.5,0.5,5,0,,34.3,1,,,1,0.3,183,41
2,2018-03-10 00:37:59,2018-03-10 01:15:40,N,1,1,6.81,28,0.5,0.5,0,0,,29.3,1,,,1,0.3,100,41
2,2018-04-20 21:58:51,2018-04-20 22:23:59,N,1,1,8.84,28,0.5,0.5,0,0,,29.3,2,,,1,0.3,242,74
2,2018-04-19 00:06:27,2018-04-19 00:22:56,N,1,1,9.88,28,0.5,0.5,0,0,,29.3,2,,,1,0.3,139,95
2,2018-04-07 23:12:08,2018-04-07 23:46:57,N,1,1,7.6,28,0.5,0.5,0,0,,29.3,2,,,1,0.3,164,82
1,2018-01-23 22:55:40,2018-01-23 23:14:12,N,1,1,9.8,28,0.5,0.5,0,0,,29.3,2,,,1,0.3,35,196
2,2018-04-28 20:35:53,2018-04-28 21:20:43,N,1,1,4.41,28,0.5,0.5,0,0,,29.3,1,,,1,0.3,69,127
2,2018-02-20 09:31:49,2018-02-20 10:05:42,N,1,1,6.89,28,0,0.5,5.76,0,,34.56,1,,,1,0.3,170,25
2,2018-04-29 17:05:52,2018-04-29 17:43:15,N,1,1,7.01,28,0,0.5,5.76,0,,34.56,1,,,1,0.3,39,25
2,2018-04-12 06:18:25,2018-04-12 06:37:15,N,1,1,10.02,28,0,0.5,0,5.76,,34.56,1,,,1,0.3,88,14
2,2018-04-03 09:16:08,2018-04-03 09:49:16,N,1,1,7.66,28,0,0.5,0,5.76,,34.56,2,,,1,0.3,239,223
2,2018-03-01 21:24:09,2018-03-01 21:59:17,N,1,1,6.55,28,0.5,0.5,7.32,0,,36.62,1,,,1,0.3,234,166
2,2018-02-26 22:58:56,2018-02-26 23:17:26,N,1,1,9.87,28,0.5,0.5,7.32,0,,36.62,1,,,1,0.3,89,80
1,2018-01-25 18:49:28,2018-01-25 19:25:37,N,1,1,7.4,28,1,0.5,0,0,,29.8,3,,,1,0.3,164,42
2,2018-04-27 18:28:33,2018-04-27 19:07:47,N,1,1,6.27,28,1,0.5,0,0,,29.8,2,,,1,0.3,186,49
2,2018-01-26 16:46:06,2018-01-26 17:16:11,N,1,1,7.9,28,1,0.5,0,0,,29.8,2,,,1,0.3,100,244
1,2018-01-16 00:23:19,2018-01-16 00:45:49,N,1,1,9.1,28,0.5,0.5,5.85,0,,35.15,1,,,1,0.3,260,65
2,2018-03-08 18:09:16,2018-03-08 18:42:30,N,1,1,7.03,28,1,0.5,7.55,0,,37.35,1,,,1,0.3,163,244
2,2018-03-26 12:59:47,2018-03-26 13:21:49,N,1,1,9.66,28,0,0.5,6.91,5.76,,41.47,1,,,1,0.3,138,244
2,2018-01-13 10:46:50,2018-01-13 11:40:03,N,1,1,21.98,63.5,0,0.5,0,0,,64.3,1,,,1,0.3,181,155
2,2018-01-24 16:13:45,2018-01-24 17:54:36,N,1,1,16.32,63.5,1,0.5,0,0,,65.3,1,,,1,0.3,77,74
2,2018-03-13 13:49:38,2018-03-13 14:34:47,N,1,1,12.98,44.5,0,0.5,0,0,,45.3,1,,,1,0.3,14,49
2,2018-04-14 09:58:58,2018-04-14 10:46:20,N,1,1,13.16,44.5,0,0.5,0,0,,45.3,1,,,1,0.3,113,121
2,2018-01-19 15:05:16,2018-01-19 16:09:12,N,1,1,9.65,44.5,0,0.5,0,0,,45.3,1,,,1,0.3,61,67
2,2018-04-03 09:06:16,2018-04-03 09:45:12,N,1,1,14.71,44.5,0,0.5,0,0,,45.3,1,,,1,0.3,124,210
2,2018-04-09 18:49:39,2018-04-09 19:33:07,N,1,1,13.2,44.5,1,0.5,4,5.76,,56.06,1,,,1,0.3,261,95
1,2018-04-05 08:47:31,2018-04-05 09:20:24,N,1,1,15.9,44.5,0,0.5,0,5.76,,51.06,2,,,1,0.3,205,75
2,2018-04-18 11:57:07,2018-04-18 12:44:18,N,1,5,13.13,44.5,0,0.5,0,5.76,,51.06,1,,,1,0.3,140,89
2,2018-05-05 12:16:43,2018-05-05 13:06:31,N,1,1,12.96,44.5,0,0.5,9.06,0,,54.36,1,,,1,0.3,132,33
2,2018-03-24 17:32:18,2018-03-24 18:09:50,N,1,1,15.94,44.5,0,0.5,9.06,0,,54.36,1,,,1,0.3,132,82
2,2018-01-30 08:26:16,2018-01-30 09:33:09,N,1,1,9.88,44.5,0,0.5,9.06,0,,54.36,1,,,1,0.3,162,181
2,2018-02-27 16:10:47,2018-02-27 17:21:44,N,1,6,11.4,44.5,1,0.5,0,0,,46.3,1,,,1,0.3,197,145
2,2018-04-29 11:10:21,2018-04-29 11:32:23,N,1,2,7.93,25.5,0,0.5,3.21,5.76,,37.22,1,,,1,0.3,75,82
2,2018-01-02 14:34:24,2018-01-02 15:11:39,N,1,5,4.78,25.5,0,0.5,0,0,,26.3,1,,,1,0.3,77,181
2,2018-03-05 13:58:31,2018-03-05 14:30:40,N,1,1,6.59,25.5,0,0.5,0,0,,26.3,1,,,1,0.3,181,91
2,2018-02-02 13:13:07,2018-02-02 13:48:08,N,1,1,5.47,25.5,0,0.5,0,0,,26.3,2,,,1,0.3,7,75
2,2018-03-17 09:47:14,2018-03-17 10:22:49,N,1,2,5.89,25.5,0,0.5,0,0,,26.3,1,,,1,0.3,63,77
2,2018-03-04 10:14:03,2018-03-04 10:40:38,N,1,1,6.75,25.5,0,0.5,0,0,,26.3,1,,,1,0.3,169,254
2,2018-04-25 09:32:13,2018-04-25 09:51:09,N,1,1,8.39,25.5,0,0.5,0,0,,26.3,2,,,1,0.3,138,145
2,2018-04-05 07:40:45,2018-04-05 08:06:35,N,1,1,7.99,25.5,0,0.5,0,0,,26.3,1,,,1,0.3,242,247
2,2018-03-29 11:47:50,2018-03-29 12:29:09,N,1,1,2.92,25.5,0,0.5,0,0,,26.3,1,,,1,0.3,89,65
2,2018-02-10 18:51:10,2018-02-10 19:30:07,N,1,1,4.22,25.5,0,0.5,0,0,,26.3,1,,,1,0.3,14,21
2,2018-05-05 18:47:25,2018-05-05 19:09:36,N,1,1,7.64,25.5,0,0.5,0,0,,26.3,2,,,1,0.3,254,69
2,2018-03-11 12:26:47,2018-03-11 12:42:08,N,1,1,8.92,25.5,0,0.5,0,0,,26.3,1,,,1,0.3,9,38
2,2018-04-10 11:21:36,2018-04-10 11:50:06,N,1,1,8.19,25.5,0,0.5,0,0,,26.3,2,,,1,0.3,66,129
1,2018-05-07 10:47:53,2018-05-07 11:15:07,N,1,1,6.5,25.5,0,0.5,0,0,,26.3,2,,,1,0.3,186,152
1,2018-01-27 14:22:06,2018-01-27 15:00:20,N,1,1,4.9,25.5,0,0.5,0,0,,26.3,3,,,1,0.3,63,71
2,2018-03-18 15:07:25,2018-03-18 15:33:32,N,1,1,7.38,25.5,0,0.5,0,0,,26.3,2,,,1,0.3,163,66
1,2018-03-17 08:11:20,2018-03-17 08:34:43,N,1,1,7.9,25.5,0,0.5,4,0,,30.3,1,,,1,0.3,145,166
2,2018-04-02 09:42:37,2018-04-02 10:12:16,N,1,3,7.23,25.5,0,0.5,4,0,,30.3,1,,,1,0.3,148,43
2,2018-04-13 10:37:00,2018-04-13 11:00:56,N,1,1,8.1,25.5,0,0.5,5.26,0,,31.56,1,,,1,0.3,87,75
2,2018-05-02 23:32:11,2018-05-03 00:05:24,N,1,1,6.15,25.5,0.5,0.5,6.7,0,,33.5,1,,,1,0.3,14,65
2,2018-01-18 23:07:59,2018-01-18 23:38:18,N,1,2,6.48,25.5,0.5,0.5,6.7,0,,33.5,1,,,1,0.3,211,36
1,2018-04-28 20:02:41,2018-04-28 20:33:11,N,1,1,6.9,25.5,0.5,0.5,0,0,,26.8,2,,,1,0.3,216,173
2,2018-02-25 05:30:17,2018-02-25 05:45:21,N,1,1,9.1,25.5,0.5,0.5,0,0,,26.8,1,,,1,0.3,163,42
2,2018-01-21 21:14:22,2018-01-21 21:34:05,N,1,3,8.48,25.5,0.5,0.5,0,0,,26.8,2,,,1,0.3,232,226
2,2018-04-22 03:07:23,2018-04-23 03:03:55,N,1,5,7.62,25.5,0.5,0.5,0,0,,26.8,2,,,1,0.3,36,89
2,2018-02-03 23:04:15,2018-02-03 23:30:25,N,1,1,7.58,25.5,0.5,0.5,5.36,0,,32.16,1,,,1,0.3,246,255
2,2018-01-13 20:40:55,2018-01-13 21:16:11,N,1,1,6.15,25.5,0.5,0.5,5.36,0,,32.16,1,,,1,0.3,249,166
2,2018-03-31 00:40:48,2018-03-31 01:05:07,N,1,1,7.89,25.5,0.5,0.5,5.36,0,,32.16,1,,,1,0.3,68,255
2,2018-04-28 11:09:32,2018-04-28 11:37:35,N,1,1,6.86,25.5,0,0.5,4.5,0,,30.8,1,,,1,0.3,114,166
2,2018-01-31 08:11:35,2018-01-31 08:50:19,N,1,1,4.94,25.5,0,0.5,2,0,,28.3,1,,,1,0.3,163,42
2,2018-02-27 16:24:19,2018-02-27 17:03:14,N,1,1,4.99,25.5,1,0.5,1,0,,28.3,1,,,1,0.3,161,166
2,2018-04-08 19:38:56,2018-04-08 20:19:04,N,1,1,5.3,25.5,0,0.5,2,0,,28.3,1,,,1,0.3,173,260
2,2018-02-10 11:14:22,2018-02-10 11:39:36,N,1,1,6.98,25.5,0,0.5,2,0,,28.3,1,,,1,0.3,234,166
2,2018-02-16 21:46:03,2018-02-16 22:02:19,N,1,1,8.96,25.5,0.5,0.5,2,5.76,,34.56,1,,,1,0.3,213,95
2,2018-02-10 18:04:06,2018-02-10 18:33:58,N,1,1,6.94,25.5,0,0.5,0,5.76,,32.06,2,,,1,0.3,244,7
2,2018-02-05 15:31:41,2018-02-05 15:56:41,N,1,1,7.6,25.5,0,0.5,0,5.76,,32.06,2,,,1,0.3,138,43
2,2018-02-26 21:27:47,2018-02-26 21:50:11,N,1,1,7.98,25.5,0.5,0.5,4.02,0,,30.82,1,,,1,0.3,100,181
2,2018-02-14 11:17:38,2018-02-14 11:44:46,N,1,1,7.39,25.5,0,0.5,2.7,0,,29,1,,,1,0.3,144,75
2,2018-03-26 17:57:47,2018-03-26 18:33:07,N,1,1,5.78,25.5,1,0.5,6.82,0,,34.12,1,,,1,0.3,148,17
2,2018-01-30 17:24:49,2018-01-30 17:51:54,N,1,1,8.15,25.5,1,0.5,5,0,,32.3,1,,,1,0.3,107,181
2,2018-04-05 16:12:52,2018-04-05 16:43:27,N,1,2,6.21,25.5,1,0.5,5.46,0,,32.76,1,,,1,0.3,186,75
1,2018-03-27 17:38:29,2018-03-27 18:17:52,N,1,1,5.1,25.5,1,0.5,0,0,,27.3,2,,,1,0.3,37,65
2,2018-01-11 19:44:52,2018-01-11 20:09:43,N,1,1,8.03,25.5,1,0.5,0,0,,27.3,2,,,1,0.3,141,97
2,2018-01-19 17:20:58,2018-01-19 17:59:16,N,1,2,5.02,25.5,1,0.5,0,0,,27.3,2,,,1,0.3,35,25
2,2018-03-02 16:37:53,2018-03-02 17:17:05,N,1,1,4.77,25.5,1,0.5,0,0,,27.3,1,,,1,0.3,72,25
2,2018-04-16 17:25:19,2018-04-16 18:03:57,N,1,1,4.97,25.5,1,0.5,0,0,,27.3,1,,,1,0.3,72,97
1,2018-04-24 15:05:34,2018-04-24 15:35:59,N,1,1,7.9,25.5,0,0.5,6.55,0,,32.85,1,,,1,0.3,140,97
1,2018-03-16 10:53:15,2018-03-16 11:08:56,N,1,1,8.5,25.5,0,0.5,5.25,0,,31.55,1,,,1,0.3,48,243
1,2018-01-19 12:25:23,2018-01-19 12:58:45,N,1,1,5.6,25.5,0,0.5,5.25,0,,31.55,1,,,1,0.3,7,75
2,2018-03-28 10:13:55,2018-03-28 11:05:52,N,1,1,20.27,61,0,0.5,0,5.76,,67.56,1,,,1,0.3,147,35
1,2018-03-02 16:20:10,2018-03-02 17:33:34,N,1,1,19.3,61,1,0.5,10.28,5.76,,78.84,1,,,1,0.3,247,26
2,2018-03-15 19:54:48,2018-03-15 20:46:02,N,1,1,21.29,61,1,0.5,0,0,,62.8,1,,,1,0.3,222,97
1,2018-02-11 19:37:47,2018-02-11 20:15:10,N,5,1,18.7,42,0,0,5,0,,47,1,,,2,0,132,65
2,2018-02-17 16:54:41,2018-02-17 17:40:34,N,1,1,12.93,42,0,0.5,0,0,,42.8,1,,,1,0.3,61,55
2,2018-04-16 08:48:16,2018-04-16 09:59:09,N,1,1,7.53,42,0,0.5,0,0,,42.8,1,,,1,0.3,256,91
2,2018-05-06 16:51:26,2018-05-06 17:32:46,N,1,1,13.01,42,0,0.5,0,0,,42.8,1,,,1,0.3,191,61
2,2018-04-12 12:31:02,2018-04-12 13:19:06,N,1,1,11.27,42,0,0.5,0,0,,42.8,1,,,1,0.3,230,159
2,2018-04-11 15:04:05,2018-04-11 15:56:03,N,1,5,12.53,42,0,0.5,0,0,,42.8,1,,,1,0.3,97,166
2,2018-03-17 15:54:04,2018-03-17 16:46:05,N,1,1,11.19,42,0,0.5,0,0,,42.8,1,,,1,0.3,62,10
2,2018-01-30 05:14:20,2018-01-30 06:14:24,N,1,1,11.55,42,0.5,0.5,0,0,,43.3,2,,,1,0.3,55,55
2,2018-04-25 09:34:32,2018-04-25 10:14:00,N,1,2,13.63,42,0,0.5,0,5.76,,48.56,1,,,1,0.3,129,254
2,2018-01-30 14:36:16,2018-01-30 15:49:13,N,1,1,16.78,58.5,0,0.5,0,0,,59.3,2,,,1,0.3,165,74
2,2018-05-05 14:09:29,2018-05-05 15:01:47,N,1,1,19.54,58.5,0,0.5,0,5.76,,65.06,1,,,1,0.3,69,72
2,2018-05-04 22:42:40,2018-05-04 23:21:14,N,1,1,12.33,39.5,0.5,0.5,12.24,0,,53.04,1,,,1,0.3,66,93
2,2018-04-28 23:52:14,2018-04-29 00:29:38,N,1,1,12.96,39.5,0.5,0.5,8.16,0,,48.96,1,,,1,0.3,151,49
2,2018-01-10 17:43:20,2018-01-10 18:44:08,N,1,1,9.61,39.5,1,0.5,0,0,,41.3,2,,,1,0.3,216,226
2,2018-02-13 15:57:58,2018-02-13 16:39:57,N,1,1,12.08,39.5,1,0.5,0,0,,41.3,1,,,1,0.3,106,55
2,2018-01-26 19:49:16,2018-01-26 20:29:01,N,1,4,12.4,39.5,1,0.5,0,0,,41.3,1,,,1,0.3,76,255
2,2018-05-01 16:15:23,2018-05-01 17:12:12,N,1,1,11.44,39.5,1,0.5,0,0,,41.3,2,,,1,0.3,10,82
1,2018-05-07 17:14:40,2018-05-07 18:09:03,N,1,1,10.8,39.5,1,0.5,6.19,0,,47.49,1,,,1,0.3,14,198
2,2018-04-12 11:59:19,2018-04-12 12:57:26,N,1,1,17.13,56,0,0.5,0,5.76,,62.56,1,,,1,0.3,230,76
2,2018-04-13 17:19:46,2018-04-13 18:18:16,N,1,1,7.23,37,1,0.5,0,0,,38.8,1,,,1,0.3,76,65
2,2018-03-14 08:02:04,2018-03-14 08:58:25,N,1,1,7.95,37,0,0.5,0,0,,37.8,1,,,1,0.3,37,197
2,2018-04-24 12:59:39,2018-04-24 13:36:25,N,1,3,10.5,37,0,0.5,0,0,,37.8,1,,,1,0.3,132,72
2,2018-05-03 11:26:38,2018-05-03 12:02:15,N,1,1,11.6,37,0,0.5,0,0,,37.8,1,,,1,0.3,180,171
2,2018-02-28 07:30:03,2018-02-28 08:24:31,N,1,6,8.74,37,0,0.5,0,0,,37.8,1,,,1,0.3,65,223
2,2018-04-11 08:39:12,2018-04-11 09:41:53,N,1,1,5.35,37,0,0.5,7.56,0,,45.36,1,,,1,0.3,233,42
2,2018-01-10 15:33:17,2018-01-10 16:14:45,N,1,1,12.08,37,0,0.5,7.56,0,,45.36,1,,,1,0.3,138,65
2,2018-05-03 22:35:11,2018-05-03 22:58:38,N,1,1,13.26,37,0.5,0.5,7.66,0,,47.91,1,,,1,0.3,19,129
2,2018-04-26 15:24:28,2018-04-26 16:34:44,N,3,1,25.71,91.5,0,0,0,10.5,,102.3,1,,,1,0.3,1,247
2,2018-04-27 10:30:51,2018-04-27 12:01:26,N,1,1,20.15,72.5,0,0.5,0,5.76,,79.06,1,,,1,0.3,167,89
2,2018-02-28 22:07:33,2018-02-28 22:55:19,N,1,2,18.1,53.5,0.5,0.5,0,0,,54.8,2,,,1,0.3,22,75
2,2018-04-02 10:29:54,2018-04-02 11:14:50,N,1,1,18.27,53.5,0,0.5,0,5.76,,60.06,1,,,1,0.3,68,38
2,2018-02-22 22:56:05,2018-02-22 23:39:59,N,1,1,18.53,53.5,0.5,0.5,10.96,0,,65.76,1,,,1,0.3,227,116
2,2018-02-22 16:21:32,2018-02-22 16:57:20,N,1,1,11,34.5,1,0.5,0,0,,36.3,1,,,1,0.3,64,10
2,2018-04-17 17:18:12,2018-04-17 18:00:20,N,1,1,9.25,34.5,1,0.5,0,0,,36.3,1,,,1,0.3,14,188
2,2018-01-14 19:30:25,2018-01-14 20:00:47,N,1,1,11.43,34.5,0,0.5,5,0,,40.3,1,,,1,0.3,41,65
2,2018-01-09 09:41:47,2018-01-09 10:20:11,N,1,1,9.61,34.5,0,0,0,0,,34.5,2,,,2,0,13,75
2,2018-03-06 08:11:45,2018-03-06 09:01:21,N,1,1,8.69,34.5,0,0.5,0,0,,35.3,1,,,1,0.3,113,42
1,2018-01-14 14:21:34,2018-01-14 15:10:48,N,1,1,8.3,34.5,0,0.5,0,0,,35.3,2,,,1,0.3,166,247
2,2018-02-14 12:00:33,2018-02-14 12:51:00,N,1,1,7.46,34.5,0,0.5,0,0,,35.3,1,,,1,0.3,210,63
2,2018-02-26 09:14:18,2018-02-26 09:58:17,N,1,1,9.55,34.5,0,0.5,0,0,,35.3,1,,,1,0.3,45,179
2,2018-01-01 10:11:27,2018-01-01 10:36:33,N,1,2,11.54,34.5,0,0.5,0,0,,35.3,1,,,1,0.3,89,112
2,2018-04-25 08:46:07,2018-04-25 09:33:39,N,1,1,10.13,34.5,0,0.5,0,0,,35.3,1,,,1,0.3,226,130
2,2018-02-16 15:56:18,2018-02-16 16:55:06,N,1,2,5.17,34.5,0,0.5,0,0,,35.3,1,,,1,0.3,72,26
2,2018-04-14 19:34:51,2018-04-14 20:27:23,N,1,1,7.47,34.5,0,0.5,4,0,,39.3,1,,,1,0.3,148,74
2,2018-03-24 23:26:23,2018-03-24 23:49:50,N,1,1,12.25,34.5,0.5,0.5,0,0,,35.8,2,,,1,0.3,14,80
2,2018-01-23 18:29:48,2018-01-23 18:39:26,N,5,1,0,70,0,0,0,0,,70,2,,,2,0,168,168
2,2018-01-15 07:01:00,2018-01-15 07:01:02,N,5,1,0,70,0,0,0,0,,70,1,,,2,0,154,154
2,2018-04-22 06:27:00,2018-04-22 06:27:04,N,5,1,0,70,0,0,0,0,,70,1,,,2,0,116,116
2,2018-04-19 06:16:46,2018-04-19 06:18:28,N,1,1,0.5,-3.5,0,-0.5,0,0,,-4.3,2,,,1,-0.3,129,129
2,2018-02-07 09:54:41,2018-02-07 09:57:11,N,1,1,0.35,-3.5,0,-0.5,0,0,,-4.3,3,,,1,-0.3,130,130
2,2018-03-09 18:09:43,2018-03-09 18:12:08,N,1,1,0.4,-3.5,-1,-0.5,0,0,,-5.3,4,,,1,-0.3,260,129
2,2018-03-23 21:59:17,2018-03-23 22:01:23,N,1,1,0.31,-3.5,-0.5,-0.5,0,0,,-4.8,3,,,1,-0.3,166,42
2,2018-02-18 00:11:47,2018-02-18 00:14:13,N,1,1,0.37,-3.5,-0.5,-0.5,0,0,,-4.8,4,,,1,-0.3,82,129
2,2018-05-07 21:14:36,2018-05-07 21:15:41,N,1,2,0.49,-3.5,-0.5,-0.5,0,0,,-4.8,3,,,1,-0.3,74,75
2,2018-05-02 14:16:35,2018-05-02 15:15:24,N,1,5,14.55,51,0,0.5,0,2.16,,53.96,1,,,1,0.3,201,225
2,2018-04-05 11:18:01,2018-04-05 12:12:47,N,1,1,15.33,51,0,0.5,0,0,,51.8,1,,,1,0.3,230,259
2,2018-05-06 00:00:23,2018-05-06 00:37:17,N,1,1,18.21,51,0.5,0.5,0,5.76,,58.06,1,,,1,0.3,167,76
2,2018-04-04 10:30:12,2018-04-04 11:07:25,N,1,1,17.46,51,0,0.5,0,5.76,,57.56,1,,,1,0.3,242,37
1,2018-03-07 09:13:55,2018-03-07 09:34:26,N,1,1,11.5,32,0,0.5,3.5,0,,36.3,1,,,1,0.3,134,66
2,2018-02-06 18:27:09,2018-02-06 19:00:10,N,1,1,10.43,32,1,0.5,0,0,,33.8,1,,,1,0.3,218,82
2,2018-04-26 17:52:59,2018-04-26 18:39:47,N,1,5,6.79,32,1,0.5,0,0,,33.8,1,,,1,0.3,42,182
2,2018-02-01 17:06:17,2018-02-01 17:46:41,N,1,2,8.87,32,1,0.5,0,0,,33.8,2,,,1,0.3,231,41
2,2018-03-15 18:05:14,2018-03-15 18:38:56,N,1,1,10.1,32,1,0.5,0,0,,33.8,2,,,1,0.3,87,41
2,2018-02-08 16:04:57,2018-02-08 16:44:48,N,1,1,8.48,32,1,0.5,0,0,,33.8,1,,,1,0.3,86,216
2,2018-04-20 17:55:18,2018-04-20 18:41:52,N,1,1,7.14,32,1,0.5,0,0,,33.8,1,,,1,0.3,18,51
2,2018-04-14 20:59:03,2018-04-14 21:32:15,N,1,1,9.95,32,0.5,0.5,6.66,0,,39.96,1,,,1,0.3,89,255
2,2018-03-28 23:41:34,2018-03-29 00:26:56,N,1,1,6.84,32,0.5,0.5,6.66,0,,39.96,1,,,1,0.3,228,80
2,2018-03-29 22:52:53,2018-03-29 23:33:39,N,1,1,8,32,0.5,0.5,6.66,0,,39.96,1,,,1,0.3,13,80
2,2018-01-18 06:57:06,2018-01-18 07:46:19,N,1,1,5.86,32,0,0.5,0,0,,32.8,1,,,1,0.3,133,77
2,2018-04-21 07:14:39,2018-04-21 07:48:57,N,1,1,8.77,32,0,0.5,0,0,,32.8,1,,,1,0.3,237,95
2,2018-02-09 08:43:45,2018-02-09 09:10:56,N,4,1,6.09,32,0,0.5,0,0,,32.8,2,,,1,0.3,265,130
2,2018-01-13 14:49:02,2018-01-13 15:23:20,N,1,1,9.82,32,0,0.5,0,0,,32.8,2,,,1,0.3,95,33
2,2018-02-15 13:02:53,2018-02-15 13:29:39,N,1,1,10.79,32,0,0.5,0,0,,32.8,1,,,1,0.3,196,180
2,2018-01-20 15:30:49,2018-01-20 16:02:47,N,1,1,10.28,32,0,0.5,8.2,0,,41,1,,,1,0.3,39,95
2,2018-03-16 20:01:32,2018-03-16 20:50:15,N,1,1,7.17,32,0.5,0.5,0,0,,33.3,1,,,1,0.3,17,91
2,2018-03-31 02:47:45,2018-03-31 03:16:15,N,1,1,10.28,32,0.5,0.5,0,0,,33.3,2,,,1,0.3,239,80
2,2018-05-06 21:13:18,2018-05-06 21:38:03,N,1,1,11.12,32,0.5,0.5,0,0,,33.3,1,,,1,0.3,258,7
2,2018-03-12 20:43:29,2018-03-12 21:48:19,N,1,1,20.46,67.5,0.5,0.5,0,11.52,,80.32,1,,,1,0.3,115,61
2,2018-04-01 14:29:46,2018-04-01 15:22:34,N,1,1,14.32,48.5,0,0.5,0,0,,49.3,1,,,1,0.3,177,21
2,2018-05-02 19:58:18,2018-05-02 20:41:36,N,1,1,17.22,48.5,0.5,0.5,0,5.76,,55.56,1,,,1,0.3,10,167
1,2018-01-12 05:19:40,2018-01-12 05:51:57,N,1,3,17.7,48.5,0.5,0.5,0,0,,49.8,2,,,1,0.3,265,223
2,2018-04-23 19:10:40,2018-04-23 19:34:27,N,1,1,10.11,29.5,1,0.5,0,0,,31.3,2,,,1,0.3,256,14
2,2018-04-12 16:53:33,2018-04-12 17:36:36,N,1,1,7.02,29.5,1,0.5,0,0,,31.3,2,,,1,0.3,66,35
2,2018-01-30 13:28:48,2018-01-30 14:16:01,N,1,2,5.42,29.5,0,0.5,0,0,,30.3,1,,,1,0.3,26,26
2,2018-05-06 17:40:36,2018-05-06 18:13:21,N,1,1,9.27,29.5,0,0.5,0,0,,30.3,1,,,1,0.3,262,185
2,2018-05-05 08:21:50,2018-05-05 08:42:14,N,1,1,10.01,29.5,0,0.5,0,0,,30.3,1,,,1,0.3,81,168
2,2018-04-03 07:58:33,2018-04-03 08:30:38,N,1,1,9.32,29.5,0,0.5,0,0,,30.3,1,,,1,0.3,137,244
2,2018-03-19 11:09:55,2018-03-19 11:41:14,N,1,1,9.39,29.5,0,0.5,0,0,,30.3,1,,,1,0.3,226,181
2,2018-03-10 15:34:54,2018-03-10 16:14:57,N,1,1,6.99,29.5,0,0.5,0,0,,30.3,1,,,1,0.3,227,91
2,2018-04-13 07:46:28,2018-04-13 08:15:30,N,1,1,8.66,29.5,0,0.5,0,0,,30.3,1,,,1,0.3,242,247
1,2018-05-02 14:32:31,2018-05-02 15:12:53,N,1,1,7.2,29.5,0,0.5,0,0,,30.3,2,,,1,0.3,230,66
1,2018-04-15 18:13:20,2018-04-15 18:39:12,N,1,1,9.7,29.5,0,0.5,0,0,,30.3,2,,,1,0.3,56,74
2,2018-04-29 13:27:54,2018-04-29 14:01:29,N,1,1,8.6,29.5,0,0.5,0,0,,30.3,1,,,1,0.3,179,82
2,2018-01-13 18:31:48,2018-01-13 19:08:52,N,1,1,7.26,29.5,0,0.5,0,0,,30.3,2,,,1,0.3,92,7
2,2018-01-18 23:02:18,2018-01-18 23:31:37,N,1,1,8.76,29.5,0.5,0.5,7.7,0,,38.5,1,,,1,0.3,231,41
2,2018-02-04 17:17:28,2018-02-04 17:49:30,N,1,1,8.93,29.5,0,0.5,3,0,,33.3,1,,,1,0.3,237,25
2,2018-04-10 07:51:57,2018-04-10 08:33:00,N,1,1,6.56,29.5,0,0.5,3,0,,33.3,1,,,1,0.3,197,260
2,2018-01-20 05:57:21,2018-01-20 06:13:01,N,1,1,10.44,29.5,0.5,0.5,0,0,,30.8,2,,,1,0.3,138,97
2,2018-04-10 22:13:37,2018-04-10 22:43:33,N,1,1,8.9,29.5,0.5,0.5,0,0,,30.8,1,,,1,0.3,121,226
2,2018-01-28 21:20:42,2018-01-28 21:42:06,N,1,2,10.03,29.5,0.5,0.5,0,0,,30.8,2,,,1,0.3,31,166
2,2018-02-26 03:34:25,2018-02-26 04:00:53,N,1,1,9.09,29.5,0.5,0.5,0,0,,30.8,2,,,1,0.3,215,82
2,2018-03-30 01:30:21,2018-03-30 02:01:43,N,1,1,8.76,29.5,0.5,0.5,0,0,,30.8,2,,,1,0.3,152,112
1,2018-03-31 20:55:04,2018-03-31 21:22:19,N,1,1,9.3,29.5,0.5,0.5,0,0,,30.8,3,,,1,0.3,65,75
2,2018-01-16 18:43:55,2018-01-16 19:16:43,N,1,2,8.7,29.5,1,0.5,0,5.76,,37.06,1,,,1,0.3,143,181
2,2018-03-06 17:19:19,2018-03-06 17:57:23,N,1,1,7.78,29.5,1,0.5,7.82,0,,39.12,1,,,1,0.3,144,166
2,2018-01-14 01:42:18,2018-01-14 02:19:04,N,1,1,7.76,29.5,0.5,0.5,6.16,0,,36.96,1,,,1,0.3,13,255
2,2018-04-15 04:21:17,2018-04-15 04:37:11,N,1,1,10.73,29.5,0.5,0.5,6.16,0,,36.96,1,,,1,0.3,14,255
2,2018-04-16 21:08:47,2018-04-16 21:32:30,N,1,2,9.67,29.5,0.5,0.5,6.16,0,,36.96,1,,,1,0.3,113,119
2,2018-02-05 23:31:31,2018-02-05 23:48:45,N,1,1,10.45,29.5,0.5,0.5,6.16,0,,36.96,1,,,1,0.3,14,255
2,2018-02-07 08:41:40,2018-02-07 09:05:23,N,1,1,10.18,29.5,0,0.5,0,5.76,,36.06,2,,,1,0.3,138,243
1,2018-05-02 23:00:35,2018-05-02 23:37:35,N,1,1,7.2,29.5,0.5,0.5,6.15,0,,36.95,1,,,1,0.3,48,80
2,2018-02-28 00:37:36,2018-02-28 00:58:22,N,1,2,10.19,29.5,0.5,0.5,6.16,0,,38.91,1,,,1,0.3,89,255
2,2018-02-06 08:40:03,2018-02-06 08:59:52,N,1,1,10.4,29.5,0,0.5,7.21,5.76,,43.27,1,,,1,0.3,53,75
2,2018-02-04 05:36:59,2018-02-04 05:58:28,N,1,6,9.86,29.5,0.5,0.5,5.21,0,,36.01,1,,,1,0.3,48,106
2,2018-05-02 15:35:29,2018-05-02 16:22:04,N,5,1,10.36,65,0,0,5,0,,70,1,,,2,0,138,25
2,2018-03-14 07:42:16,2018-03-14 09:12:05,N,1,1,18.14,65,0,0.5,0,0,,65.8,1,,,1,0.3,165,165
2,2018-04-07 15:10:07,2018-04-07 16:34:32,N,1,1,17.46,65,0,0.5,0,0,,65.8,1,,,1,0.3,177,38
2,2018-01-11 08:53:59,2018-01-11 09:22:06,N,3,1,17.3,65,0,0,0,12.5,,77.8,2,,,1,0.3,265,116
2,2018-01-12 17:59:47,2018-01-12 18:58:43,N,1,1,11.94,46,1,0.5,0,0,,47.8,1,,,1,0.3,205,188
2,2018-01-23 11:53:37,2018-01-23 12:33:00,N,1,1,14.94,46,0,0.5,0,2.16,,48.96,1,,,1,0.3,201,121
2,2018-01-19 08:28:10,2018-01-19 09:28:45,N,1,1,11.25,46,0,0.5,0,0,,46.8,1,,,1,0.3,231,116
2,2018-04-30 12:12:12,2018-04-30 12:44:51,N,1,1,15.94,46,0,0.5,0,0,,46.8,1,,,1,0.3,16,19
2,2018-04-13 20:31:51,2018-04-13 21:21:33,N,1,1,14.2,46,0.5,0.5,0,0,,47.3,1,,,1,0.3,42,49
1,2018-01-26 12:04:22,2018-01-26 12:40:20,N,1,1,16.2,46,0,0.5,0,5.76,,52.56,2,,,1,0.3,167,52
2,2018-03-01 20:54:29,2018-03-01 21:23:53,N,1,1,8.55,27,0.5,0.5,2.2,0,,30.5,1,,,1,0.3,262,52
2,2018-04-19 18:49:01,2018-04-19 19:13:03,N,1,1,9.26,27,1,0.5,0,0,,28.8,1,,,1,0.3,38,9
2,2018-03-06 17:23:06,2018-03-06 17:56:02,N,1,1,6.98,27,1,0.5,0,0,,28.8,2,,,1,0.3,164,52
2,2018-01-19 17:06:56,2018-01-19 17:34:14,N,4,1,7.64,27,1,0.5,0,0,,28.8,1,,,1,0.3,265,130
2,2018-03-13 18:09:10,2018-03-13 18:31:12,N,1,1,8.76,27,1,0.5,0,0,,28.8,1,,,1,0.3,116,146
2,2018-03-14 17:49:51,2018-03-14 18:20:01,N,1,1,8.13,27,1,0.5,0,0,,28.8,1,,,1,0.3,42,254
2,2018-01-12 17:03:26,2018-01-12 17:44:05,N,1,2,6.36,27,1,0.5,0,0,,28.8,1,,,1,0.3,212,41
2,2018-01-19 06:26:22,2018-01-19 06:50:25,N,1,1,8.25,27,0,0.5,4.17,0,,33.92,1,,,1,0.3,14,188
2,2018-01-20 11:52:47,2018-01-20 12:28:20,N,1,1,6.69,27,0,0.5,5.56,0,,33.36,1,,,1,0.3,230,42
2,2018-02-22 08:28:16,2018-02-22 08:51:33,N,1,1,9.44,27,0,0.5,5.56,0,,33.36,1,,,1,0.3,65,75
2,2018-03-10 06:12:53,2018-03-10 06:37:56,N,1,1,7.89,27,0,0.5,5,0,,32.8,1,,,1,0.3,234,189
2,2018-04-11 09:50:36,2018-04-11 10:25:53,N,1,1,7.3,27,0,0.5,0,0,,27.8,1,,,1,0.3,137,42
2,2018-03-11 15:40:24,2018-03-11 16:08:32,N,1,1,8.22,27,0,0.5,0,0,,27.8,1,,,1,0.3,4,42
2,2018-05-05 13:01:46,2018-05-05 13:34:42,N,1,1,7.47,27,0,0.5,0,0,,27.8,1,,,1,0.3,25,91
2,2018-04-26 14:44:51,2018-04-26 15:21:48,N,1,1,5.92,27,0,0.5,0,0,,27.8,1,,,1,0.3,15,192
2,2018-03-10 08:21:58,2018-03-10 08:45:35,N,1,1,8.29,27,0,0.5,0,0,,27.8,1,,,1,0.3,162,181
1,2018-03-05 15:54:46,2018-03-05 16:34:32,N,1,1,5.6,27,0,0.5,0,0,,27.8,3,,,1,0.3,76,62
2,2018-03-18 08:33:16,2018-03-18 09:15:40,N,1,1,4.7,27,0,0.5,0,0,,27.8,1,,,1,0.3,65,189
2,2018-04-30 08:35:29,2018-04-30 09:13:06,N,1,1,5.88,27,0,0.5,0,0,,27.8,1,,,1,0.3,155,178
2,2018-01-20 07:36:15,2018-01-20 07:57:10,N,1,1,8.03,27,0,0.5,0,0,,27.8,1,,,1,0.3,48,244
2,2018-04-27 13:56:28,2018-04-27 14:28:39,N,1,5,8.05,27,0,0.5,0,0,,27.8,1,,,1,0.3,168,174
2,2018-01-17 08:29:56,2018-01-17 09:09:58,N,1,1,6.58,27,0,0.5,0,0,,27.8,1,,,1,0.3,137,166
2,2018-03-12 09:08:48,2018-03-12 09:42:33,N,1,6,6.75,27,0,0.5,0,0,,27.8,2,,,1,0.3,162,33
2,2018-02-01 12:44:32,2018-02-01 13:14:42,N,1,5,5.9,27,0,0.5,0,0,,27.8,1,,,1,0.3,3,69
2,2018-02-23 13:23:51,2018-02-23 14:01:11,N,1,1,6.42,27,0,0.5,0,0,,27.8,1,,,1,0.3,76,17
2,2018-03-13 08:55:25,2018-03-13 09:24:14,N,1,2,8.37,27,0,0.5,0,0,,27.8,1,,,1,0.3,77,205
2,2018-01-24 18:33:50,2018-01-24 19:17:12,N,1,1,5,27,1,0.5,7.2,0,,36,1,,,1,0.3,234,255
2,2018-04-18 23:03:07,2018-04-18 23:29:18,N,1,1,7.69,27,0.5,0.5,5.66,0,,33.96,1,,,1,0.3,229,97
2,2018-03-08 20:22:53,2018-03-08 20:52:28,N,1,1,8.02,27,0.5,0.5,5.66,0,,33.96,1,,,1,0.3,263,255
2,2018-02-09 03:00:34,2018-02-09 03:15:44,N,1,1,9.63,27,0.5,0.5,5.66,0,,33.96,1,,,1,0.3,28,7
2,2018-03-08 15:13:39,2018-03-08 15:35:43,N,1,1,8.54,27,0,0.5,2.2,0,,30,1,,,1,0.3,240,41
2,2018-01-08 00:43:02,2018-01-08 01:03:42,N,1,1,8.71,27,0.5,0.5,0,0,,28.3,2,,,1,0.3,145,95
2,2018-03-11 20:35:34,2018-03-11 20:55:24,N,1,1,9.29,27,0.5,0.5,0,0,,28.3,2,,,1,0.3,224,244
2,2018-04-10 20:02:55,2018-04-10 20:23:45,N,1,1,9.25,27,0.5,0.5,0,0,,28.3,2,,,1,0.3,93,255
2,2018-03-11 03:40:44,2018-03-11 04:05:31,N,1,1,8.32,27,0.5,0.5,0,0,,28.3,2,,,1,0.3,226,42
2,2018-05-07 22:38:56,2018-05-07 22:54:46,N,1,1,9.58,27,0.5,0.5,0,0,,28.3,1,,,1,0.3,233,244
2,2018-02-16 16:08:46,2018-02-16 16:38:23,N,1,1,7.71,27,1,0.5,5.76,0,,34.56,1,,,1,0.3,141,244
2,2018-02-05 18:32:39,2018-02-05 18:53:34,N,1,2,8.9,27,1,0.5,5.76,0,,34.56,1,,,1,0.3,95,66
2,2018-04-23 16:41:47,2018-04-23 17:08:37,N,1,1,8.11,27,1,0.5,0,5.76,,34.56,2,,,1,0.3,138,75
2,2018-03-27 09:29:21,2018-03-27 10:02:09,N,1,3,8.19,27,0,0.5,0,5.76,,33.56,2,,,1,0.3,107,194
1,2018-03-11 11:46:21,2018-03-11 12:24:59,N,1,1,5.5,27,0.5,0.5,4.25,0,,32.55,1,,,1,0.3,97,35
1,2018-03-09 22:36:00,2018-03-09 23:07:23,N,1,1,7.5,27,0.5,0.5,5.65,0,,33.95,1,,,1,0.3,43,255
2,2018-03-18 13:25:20,2018-03-18 14:03:23,N,1,1,6.12,27,0,0.5,6.95,0,,34.75,1,,,1,0.3,74,74
2,2018-05-01 08:03:37,2018-05-01 09:37:05,N,1,1,24.06,81.5,0,0.5,0,0,,82.3,1,,,1,0.3,242,71
2,2018-03-28 15:54:50,2018-03-28 17:15:01,N,1,1,18.49,62.5,0,0.5,0,0,,63.3,1,,,1,0.3,108,56
2,2018-02-27 12:09:07,2018-02-27 12:42:47,N,1,1,15.39,43.5,0,0.5,5,0,,49.3,1,,,1,0.3,131,65
2,2018-02-28 13:28:33,2018-02-28 14:40:33,N,1,1,8.61,43.5,0,0.5,0,0,,44.3,2,,,1,0.3,165,17
2,2018-01-24 15:28:58,2018-01-24 16:30:42,N,1,1,11.68,43.5,0,0.5,11.08,0,,55.38,1,,,1,0.3,33,166
1,2018-04-08 00:44:55,2018-04-08 01:14:16,N,1,1,15.4,43.5,0.5,0.5,0,0,,44.8,2,,,1,0.3,173,181
2,2018-01-21 02:33:18,2018-01-21 02:48:12,N,1,1,8.42,24.5,0.5,0.5,5.16,0,,30.96,1,,,1,0.3,257,112
2,2018-03-22 23:16:43,2018-03-22 23:36:19,N,1,1,7.76,24.5,0.5,0.5,5.16,0,,30.96,1,,,1,0.3,230,243
2,2018-01-03 19:04:50,2018-01-03 19:39:18,N,1,1,5.5,24.5,1,0.5,0,0,,26.3,2,,,1,0.3,39,49
2,2018-03-19 16:08:30,2018-03-19 16:38:25,N,1,1,5.69,24.5,1,0.5,0,0,,26.3,1,,,1,0.3,228,29
2,2018-01-22 18:30:11,2018-01-22 18:54:15,N,1,1,6.83,24.5,1,0.5,0,0,,26.3,1,,,1,0.3,95,7
2,2018-05-03 18:28:52,2018-05-03 19:06:02,N,1,1,4.57,24.5,1,0.5,0,0,,26.3,1,,,1,0.3,225,65
2,2018-01-30 16:57:42,2018-01-30 17:28:49,N,1,1,7.06,24.5,1,0.5,0,0,,26.3,1,,,1,0.3,250,69
2,2018-02-11 19:55:00,2018-02-11 20:17:27,N,1,1,7.89,24.5,0,0.5,4.3,0,,29.6,1,,,1,0.3,107,75
2,2018-04-01 02:35:07,2018-04-01 02:52:45,N,1,1,7.91,24.5,0.5,0.5,2,0,,27.8,1,,,1,0.3,68,244
2,2018-04-17 08:32:09,2018-04-17 09:06:42,N,1,1,5.48,24.5,0,0.5,0,0,,25.3,1,,,1,0.3,78,75
2,2018-02-13 07:43:26,2018-02-13 08:12:11,N,1,5,6.81,24.5,0,0.5,0,0,,25.3,1,,,1,0.3,9,260
2,2018-01-08 13:30:39,2018-01-08 13:55:09,N,1,1,7.57,24.5,0,0.5,0,0,,25.3,2,,,1,0.3,212,75
2,2018-03-17 12:17:24,2018-03-17 12:40:57,N,1,1,7.43,24.5,0,0.5,0,0,,25.3,2,,,1,0.3,220,75
2,2018-03-03 17:11:38,2018-03-03 17:40:01,N,1,6,5.96,24.5,0,0.5,0,0,,25.3,2,,,1,0.3,230,41
2,2018-05-06 14:53:22,2018-05-06 15:28:24,N,1,1,5.55,24.5,0,0.5,0,0,,25.3,1,,,1,0.3,232,177
2,2018-04-05 15:38:20,2018-04-05 16:14:08,N,1,1,5.35,24.5,0,0.5,0,0,,25.3,2,,,1,0.3,246,256
2,2018-04-21 06:33:47,2018-04-21 07:07:05,N,1,1,5.27,24.5,0,0.5,0,0,,25.3,1,,,1,0.3,76,85
2,2018-04-08 14:30:01,2018-04-08 15:03:14,N,1,1,5.53,24.5,0,0.5,0,0,,25.3,1,,,1,0.3,61,190
2,2018-01-10 08:29:28,2018-01-10 09:06:44,N,1,1,5.01,24.5,0,0.5,0,0,,25.3,1,,,1,0.3,33,37
2,2018-05-02 09:21:39,2018-05-02 09:53:06,N,1,1,5.77,24.5,0,0.5,0,0,,25.3,2,,,1,0.3,234,75
2,2018-03-20 09:15:32,2018-03-20 09:42:50,N,1,1,6.55,24.5,0,0.5,0,0,,25.3,2,,,1,0.3,226,33
2,2018-04-18 09:14:13,2018-04-18 09:44:18,N,1,1,5.79,24.5,0,0.5,0,0,,25.3,1,,,1,0.3,51,18
2,2018-03-27 08:56:18,2018-03-27 09:34:11,N,1,1,4.67,24.5,0,0.5,0,0,,25.3,2,,,1,0.3,55,55
2,2018-03-08 16:25:45,2018-03-08 16:50:21,N,1,1,7.14,24.5,1,0.5,5.26,0,,31.56,1,,,1,0.3,161,65
2,2018-02-21 17:17:49,2018-02-21 17:55:09,N,1,1,4.96,24.5,1,0.5,5.26,0,,31.56,1,,,1,0.3,167,166
2,2018-03-26 19:05:26,2018-03-26 19:26:23,N,1,1,7.65,24.5,1,0.5,4.7,0,,31,1,,,1,0.3,170,181
2,2018-02-07 21:37:26,2018-02-07 22:00:10,N,1,2,7.72,24.5,0.5,0.5,3.5,0,,29.3,1,,,1,0.3,163,33
2,2018-02-05 14:14:57,2018-02-05 14:48:40,N,1,1,5.54,24.5,0,0.5,3,0,,28.3,1,,,1,0.3,170,75
2,2018-04-27 12:58:29,2018-04-27 13:28:48,N,1,1,7.02,24.5,0,0.5,2.53,0,,29.78,1,,,1,0.3,256,181
2,2018-04-07 22:26:02,2018-04-07 22:56:31,N,1,1,6.14,24.5,0.5,0.5,0,0,,25.8,2,,,1,0.3,126,116
2,2018-01-25 23:24:45,2018-01-25 23:56:19,N,1,2,6.57,24.5,0.5,0.5,0,0,,25.8,1,,,1,0.3,77,256
2,2018-04-20 21:15:09,2018-04-20 21:38:52,N,1,1,7.53,24.5,0.5,0.5,0,0,,25.8,2,,,1,0.3,22,25
2,2018-03-04 23:57:47,2018-03-05 00:24:12,N,1,1,6.56,24.5,0.5,0.5,0,0,,25.8,1,,,1,0.3,41,212
2,2018-05-05 21:53:20,2018-05-05 22:18:18,N,1,1,6.87,24.5,0.5,0.5,0,0,,25.8,2,,,1,0.3,102,93
2,2018-05-05 14:50:21,2018-05-05 15:12:33,N,1,2,7.76,24.5,0,0.5,5.06,0,,30.36,1,,,1,0.3,141,33
2,2018-02-13 12:50:42,2018-02-13 13:27:21,N,1,1,5.56,24.5,0,0.5,5.06,0,,30.36,1,,,1,0.3,234,7
2,2018-04-25 10:46:29,2018-04-25 11:22:39,N,1,1,5.28,24.5,0,0.5,5.06,0,,30.36,1,,,1,0.3,229,166
2,2018-04-05 15:23:16,2018-04-05 15:57:29,N,1,1,5.2,24.5,0,0.5,5.06,0,,30.36,1,,,1,0.3,33,188
2,2018-05-02 10:26:46,2018-05-02 11:03:11,N,1,1,4.53,24.5,0,0.5,5.06,0,,30.36,1,,,1,0.3,249,52
2,2018-02-21 13:16:05,2018-02-21 13:37:15,N,1,1,7.89,24.5,0,0.5,0,5.76,,31.06,1,,,1,0.3,138,41
1,2018-03-04 12:15:46,2018-03-04 12:37:11,N,1,1,7.8,24.5,0,0.5,0,5.76,,31.06,2,,,1,0.3,161,179
2,2018-03-30 11:42:38,2018-03-30 12:05:49,N,1,6,7.01,24.5,0,0.5,5.06,0,,32.31,1,,,1,0.3,138,80
2,2018-03-17 16:48:03,2018-03-17 17:15:01,N,1,5,6.43,24.5,0,0.5,5.06,0,,32.31,1,,,1,0.3,28,129
2,2018-03-06 17:07:53,2018-03-06 17:35:07,N,1,1,6.63,24.5,1,0.5,7.89,0,,34.19,1,,,1,0.3,68,41
2,2018-02-06 18:07:09,2018-02-06 19:12:55,N,1,1,18.8,60,1,0.5,0,0,,61.8,1,,,1,0.3,42,71
1,2018-03-02 03:46:03,2018-03-02 04:22:09,N,5,1,17.7,60,0,0,2,11.52,,73.52,1,,,2,0,214,255
2,2018-02-15 10:05:28,2018-02-15 10:53:52,N,1,1,19.45,60,0,0.5,0,0,,60.8,1,,,1,0.3,181,76
2,2018-03-26 00:07:40,2018-03-26 00:53:03,N,1,1,19.98,60,0.5,0.5,0,5.76,,67.06,1,,,1,0.3,94,177
1,2018-02-15 05:07:27,2018-02-15 05:41:08,N,5,1,22.1,60,0,0,0,5.76,,65.76,2,,,2,0,132,127
2,2018-03-30 08:41:04,2018-03-30 09:30:02,N,1,1,20.78,60,0,0.5,16.64,5.76,,85.15,1,,,1,0.3,168,181
2,2018-05-02 12:01:14,2018-05-02 12:36:48,N,1,1,14.4,41,0,0.5,0,5.76,,47.56,1,,,1,0.3,174,134
2,2018-02-25 00:31:39,2018-02-25 01:01:26,N,1,1,14.16,41,0.5,0.5,12.02,5.76,,60.08,1,,,1,0.3,25,42
2,2018-04-01 01:16:03,2018-04-01 01:45:25,N,1,2,14.47,41,0.5,0.5,8.46,0,,50.76,1,,,1,0.3,69,17
2,2018-01-02 15:03:19,2018-01-02 15:50:21,N,1,1,10.99,41,0,0.5,0,2.16,,43.96,1,,,1,0.3,117,35
2,2018-01-14 10:42:46,2018-01-14 11:07:06,N,1,1,14.8,41,0,0.5,0,0,,41.8,2,,,1,0.3,76,7
2,2018-02-16 07:23:58,2018-02-16 07:56:06,N,1,1,14.49,41,0,0.5,0,0,,41.8,2,,,1,0.3,131,97
2,2018-01-24 08:52:48,2018-01-24 09:27:22,N,1,1,13.73,41,0,0.5,0,0,,41.8,1,,,1,0.3,63,55
2,2018-04-18 10:49:49,2018-04-18 11:45:38,N,1,1,11.51,41,0,0.5,0,0,,41.8,2,,,1,0.3,55,25
2,2018-05-01 09:14:08,2018-05-01 10:07:24,N,1,1,9.98,41,0,0.5,2.2,0,,44,1,,,1,0.3,146,152
2,2018-04-29 20:34:12,2018-04-29 21:15:08,N,1,1,12.53,41,0.5,0.5,0,0,,42.3,1,,,1,0.3,90,136
2,2018-03-23 23:56:47,2018-03-24 00:32:00,N,1,1,14.03,41,0.5,0.5,4,0,,46.3,1,,,1,0.3,130,25
2,2018-03-23 17:49:43,2018-03-23 19:07:22,N,1,1,15.73,57.5,1,0.5,0,0,,59.3,2,,,1,0.3,61,126
2,2018-02-21 16:32:55,2018-02-21 17:34:31,N,1,2,17.13,57.5,1,0.5,0,2.64,,61.94,2,,,1,0.3,163,185
2,2018-02-15 22:17:54,2018-02-15 22:47:39,N,4,2,14.03,57.5,0.5,0.5,0,0,,58.8,2,,,1,0.3,265,130
2,2018-04-19 17:36:16,2018-04-19 18:24:28,N,1,1,10.57,38.5,1,0.5,0,0,,40.3,1,,,1,0.3,76,92
2,2018-01-26 17:55:32,2018-01-26 18:55:08,N,1,4,6.19,38.5,1,0.5,0,0,,40.3,2,,,1,0.3,250,168
2,2018-02-01 19:30:10,2018-02-01 20:01:06,N,1,1,12.84,38.5,1,0.5,14,0,,54.3,1,,,1,0.3,142,14
2,2018-05-03 12:58:34,2018-05-04 12:37:52,N,1,1,11.02,38.5,0,0.5,5.9,0,,45.2,1,,,1,0.3,138,65
2,2018-05-03 10:22:05,2018-05-03 11:23:28,N,1,1,7.17,38.5,0,0.5,0,0,,39.3,2,,,1,0.3,113,166
2,2018-03-26 13:30:28,2018-03-26 14:10:38,N,1,1,10.66,38.5,0,0.5,0,0,,39.3,1,,,1,0.3,87,42
2,2018-04-07 07:49:12,2018-04-07 08:08:33,N,1,5,14.01,38.5,0,0.5,0,0,,39.3,2,,,1,0.3,132,82
2,2018-02-13 15:08:47,2018-02-13 16:02:15,N,1,1,10.4,38.5,0,0.5,0,0,,39.3,2,,,1,0.3,33,95
2,2018-02-25 17:20:35,2018-02-25 18:02:16,N,1,1,12.48,38.5,0,0.5,2,0,,41.3,1,,,1,0.3,33,116
2,2018-01-11 19:46:33,2018-01-11 20:21:47,N,1,1,12.85,38.5,1,0.5,2.02,0,,44.27,1,,,1,0.3,132,89
1,2018-03-03 23:29:36,2018-03-03 23:51:55,N,1,1,14.1,38.5,0.5,0.5,6.83,5.76,,52.39,1,,,1,0.3,137,51
2,2018-03-15 02:58:43,2018-03-15 02:58:51,N,5,1,0,41.8,0,0,6,0,,47.8,1,,,2,0,228,228
2,2018-04-20 18:04:11,2018-04-20 18:45:20,N,3,1,20.84,74,1,0,0,12.5,,87.8,2,,,1,0.3,265,244
2,2018-03-01 22:59:58,2018-03-01 23:22:33,N,5,1,10.56,55,0,0,0,0,,55,2,,,2,0,69,92
2,2018-03-24 04:00:11,2018-03-24 04:42:23,N,1,1,17.8,55,0.5,0.5,11.26,0,,67.56,1,,,1,0.3,14,179
2,2018-02-06 17:48:01,2018-02-06 18:43:09,N,1,2,17.07,55,1,0.5,0,5.76,,62.56,1,,,1,0.3,35,41
2,2018-03-11 00:04:09,2018-03-11 00:43:18,N,1,1,9.97,36,0.5,0.5,5.6,0,,42.9,1,,,1,0.3,236,255
2,2018-01-05 09:23:36,2018-01-05 09:51:58,N,1,1,12.7,36,0,0.5,7.36,0,,44.16,1,,,1,0.3,132,260
2,2018-02-03 19:17:28,2018-02-03 20:01:41,N,1,1,9.72,36,0,0.5,7.36,0,,44.16,1,,,1,0.3,48,17
2,2018-04-11 16:53:16,2018-04-11 17:40:09,N,1,1,10.4,36,1,0.5,0,0,,37.8,1,,,1,0.3,74,65
1,2018-03-20 18:03:03,2018-03-20 18:54:23,N,1,1,8.1,36,1,0.5,0,0,,37.8,4,,,1,0.3,43,33
1,2018-05-04 17:34:01,2018-05-04 18:20:28,N,1,1,8.9,36,1,0.5,0,0,,37.8,1,,,1,0.3,25,210
2,2018-03-02 17:00:35,2018-03-02 17:56:39,N,1,1,6.97,36,1,0.5,0,0,,37.8,1,,,1,0.3,77,77
2,2018-03-16 23:27:05,2018-03-16 23:55:46,N,1,1,11.77,36,0.5,0.5,5,5.76,,48.06,1,,,1,0.3,238,92
2,2018-02-04 07:52:37,2018-02-04 08:28:28,N,1,1,11.08,36,0,0.5,0,0,,36.8,1,,,1,0.3,225,55
2,2018-04-13 09:09:21,2018-04-13 10:03:59,N,1,1,7.05,36,0,0.5,0,0,,36.8,2,,,1,0.3,233,188
2,2018-02-02 14:52:57,2018-02-02 15:36:01,N,1,1,9.49,36,0,0.5,0,0,,36.8,1,,,1,0.3,231,42
2,2018-05-05 19:07:03,2018-05-05 19:55:33,N,1,1,9.16,36,0,0.5,0,0,,36.8,2,,,1,0.3,114,244
2,2018-03-26 07:57:05,2018-03-26 08:51:14,N,1,1,5.9,36,0,0.5,0,0,,36.8,1,,,1,0.3,75,243
2,2018-04-21 10:09:43,2018-04-21 10:39:59,N,1,1,11.97,36,0,0.5,0,2.64,,39.44,1,,,1,0.3,152,259
2,2018-05-01 21:07:45,2018-05-01 21:35:49,N,1,1,12.27,36,0.5,0.5,9.32,0,,46.62,1,,,1,0.3,107,93
2,2018-04-30 04:26:18,2018-04-30 04:48:24,N,1,1,12.67,36,0.5,0.5,0,0,,37.3,2,,,1,0.3,68,212
2,2018-05-02 12:35:44,2018-05-02 13:25:21,N,1,1,7.74,36,0,0.5,0,2.75,,39.55,1,,,1,0.3,249,41
1,2018-04-21 20:40:52,2018-04-21 21:27:14,N,1,2,10,36,0.5,0.5,3.73,0,,41.03,1,,,1,0.3,48,33
2,2018-03-17 16:42:21,2018-03-17 17:48:55,N,1,1,24.97,71.5,0,0.5,0,0,,72.3,1,,,1,0.3,28,39
2,2018-03-19 11:07:38,2018-03-19 12:21:27,N,1,2,22.32,71.5,0,0.5,0,0,,72.3,1,,,1,0.3,140,76
2,2018-04-20 14:28:03,2018-04-20 15:16:50,N,1,1,8.61,33.5,0,0.5,0,5.76,,40.06,1,,,1,0.3,235,7
2,2018-03-31 17:40:16,2018-03-31 18:17:06,N,1,1,10.87,33.5,0,0.5,0,5.76,,40.06,1,,,1,0.3,151,93
1,2018-04-04 16:35:42,2018-04-04 17:14:06,N,1,1,9.7,33.5,1,0.5,7.5,0,,42.8,1,,,1,0.3,237,49
2,2018-01-10 19:56:06,2018-01-10 20:35:13,N,1,1,9.82,33.5,1,0.5,0,0,,35.3,2,,,1,0.3,61,7
2,2018-02-08 18:36:30,2018-02-08 19:08:25,N,1,1,10.39,33.5,1,0.5,0,0,,35.3,1,,,1,0.3,71,55
2,2018-02-14 19:31:39,2018-02-14 20:08:31,N,1,1,9.24,33.5,1,0.5,14,0,,49.3,1,,,1,0.3,244,146
1,2018-02-06 07:00:42,2018-02-06 07:22:32,N,1,3,11.7,33.5,0,0.5,5,0,,39.3,1,,,1,0.3,265,41
2,2018-01-12 14:53:58,2018-01-12 15:30:59,N,1,1,9.88,33.5,0,0.5,0,0,,34.3,2,,,1,0.3,193,95
2,2018-02-06 07:58:29,2018-02-06 08:25:03,N,1,1,11.67,33.5,0,0.5,0,0,,34.3,2,,,1,0.3,168,65
2,2018-04-26 14:22:27,2018-04-27 14:14:22,N,1,1,6.24,33.5,0,0.5,0,0,,34.3,2,,,1,0.3,76,181
2,2018-05-03 12:54:04,2018-05-03 13:29:31,N,1,1,9.52,33.5,0,0.5,0,0,,34.3,1,,,1,0.3,231,42
2,2018-04-23 07:34:13,2018-04-23 07:57:58,N,1,1,11.88,33.5,0,0.5,0,0,,34.3,1,,,1,0.3,29,54
2,2018-02-25 14:29:54,2018-02-25 15:19:42,N,1,2,7.27,33.5,0,0.5,8.58,0,,42.88,1,,,1,0.3,143,256
1,2018-04-24 10:21:24,2018-04-24 11:04:56,N,1,1,8.9,33.5,0,0.5,8.55,0,,42.85,1,,,1,0.3,232,166
2,2018-02-28 17:40:29,2018-02-28 19:18:11,N,1,1,17.85,69,1,0.5,0,0,,70.8,1,,,1,0.3,25,78
2,2018-03-19 11:52:50,2018-03-19 13:21:26,N,1,1,18.07,69,0,0.5,0,0,,69.8,1,,,1,0.3,140,134
2,2018-03-23 21:42:53,2018-03-23 21:46:46,N,1,1,0.79,-4.5,-0.5,-0.5,0,0,,-5.8,3,,,1,-0.3,255,255
2,2018-03-17 03:12:02,2018-03-17 03:15:17,N,1,2,0.55,-4.5,-0.5,-0.5,0,0,,-5.8,3,,,1,-0.3,255,256
2,2018-02-01 00:59:05,2018-02-01 01:03:08,N,1,1,0.59,-4.5,-0.5,-0.5,0,0,,-5.8,3,,,1,-0.3,217,17
2,2018-04-19 21:36:40,2018-04-19 21:40:30,N,1,1,0.35,-4.5,-0.5,-0.5,0,0,,-5.8,3,,,1,-0.3,82,82
2,2018-05-04 19:16:57,2018-05-04 19:20:59,N,1,1,0.66,-4.5,-1,-0.5,0,0,,-6.3,3,,,1,-0.3,7,7
2,2018-03-05 18:42:28,2018-03-05 18:45:44,N,1,1,0.62,-4.5,-1,-0.5,0,0,,-6.3,3,,,1,-0.3,42,41
2,2018-04-27 07:48:33,2018-04-27 08:34:45,N,1,1,15.89,50,0,0.5,0,5.76,,56.56,1,,,1,0.3,130,168
1,2018-02-08 19:29:09,2018-02-08 20:38:32,N,1,1,11.5,50,1,0.5,5,0,,56.8,1,,,1,0.3,151,177
2,2018-03-16 17:29:36,2018-03-16 18:43:37,N,1,1,14.37,50,1,0.5,0,0,,51.8,1,,,1,0.3,265,82
2,2018-01-17 16:23:41,2018-01-17 17:35:20,N,1,3,9.84,50,1,0.5,0,0,,51.8,2,,,1,0.3,61,223
2,2018-02-26 09:45:45,2018-02-26 10:18:58,N,5,1,15.36,50,0,0,0,0,,50,2,,,2,0,130,116
2,2018-04-01 22:10:11,2018-04-01 22:10:14,N,5,1,0,50,0,0,0,0,,50,1,,,2,0,160,160
1,2018-04-21 02:22:17,2018-04-21 02:50:07,N,5,1,7.9,50,0,0,0,0,,50,1,,,2,0,265,255
2,2018-04-19 08:55:55,2018-04-19 10:03:23,N,1,1,14.35,50,0,0.5,0,0,,50.8,1,,,1,0.3,68,250
2,2018-03-04 09:13:37,2018-03-04 10:01:06,N,1,1,16.68,50,0,0.5,0,0,,50.8,1,,,1,0.3,37,55
2,2018-03-23 22:50:51,2018-03-23 23:25:18,N,1,1,18.4,50,0.5,0.5,0,0,,51.3,1,,,1,0.3,203,56
2,2018-05-01 22:25:33,2018-05-01 23:02:58,N,1,1,17.59,50,0.5,0.5,0,0,,51.3,1,,,1,0.3,181,95
1,2018-04-05 00:41:00,2018-04-05 01:51:42,N,1,2,10.9,50,0.5,0.5,0,0,,51.3,2,,,1,0.3,55,165
2,2018-01-29 05:46:32,2018-01-29 06:17:53,N,1,1,9.63,31,0.5,0.5,5.81,0,,40.06,1,,,1,0.3,13,129
2,2018-04-16 17:00:43,2018-04-16 17:46:47,N,1,1,6.23,31,1,0.5,0,0,,32.8,1,,,1,0.3,76,49
2,2018-04-05 17:28:17,2018-04-05 18:15:40,N,1,1,5.99,31,1,0.5,0,0,,32.8,2,,,1,0.3,48,33
2,2018-01-19 17:08:31,2018-01-19 17:59:04,N,1,1,5.59,31,1,0.5,0,0,,32.8,1,,,1,0.3,35,25
2,2018-05-03 16:20:42,2018-05-03 17:08:58,N,1,1,6.99,31,1,0.5,0,0,,32.8,1,,,1,0.3,256,223
2,2018-01-26 14:24:46,2018-01-26 14:55:32,N,1,1,10.45,31,0,0.5,6.36,0,,38.16,1,,,1,0.3,138,25
2,2018-05-08 08:51:15,2018-05-08 09:28:38,N,1,1,8.55,31,0,0.5,6.36,0,,38.16,1,,,1,0.3,161,52
2,2018-04-02 16:01:07,2018-04-02 16:27:49,N,1,1,10.38,31,0,0.5,0,0,,31.8,1,,,1,0.3,124,91
1,2018-05-05 15:06:30,2018-05-05 15:32:24,N,1,1,9.9,31,0,0.5,0,0,,31.8,2,,,1,0.3,43,65
2,2018-04-07 12:04:19,2018-04-07 12:30:37,N,1,1,10.37,31,0,0.5,0,0,,31.8,1,,,1,0.3,81,74
2,2018-04-23 14:07:44,2018-04-23 14:41:45,N,1,1,8.1,31,0,0.5,0,0,,31.8,2,,,1,0.3,163,65
2,2018-03-29 07:20:27,2018-03-29 08:04:59,N,1,1,6.59,31,0,0.5,0,0,,31.8,1,,,1,0.3,69,81
1,2018-01-29 13:49:38,2018-01-29 14:24:11,N,1,2,8.6,31,0,0.5,0,0,,31.8,2,,,1,0.3,261,244
2,2018-03-27 14:57:12,2018-03-27 15:38:37,N,1,1,8.63,31,0,0.5,0,0,,31.8,2,,,1,0.3,140,217
2,2018-01-20 03:52:40,2018-01-20 04:24:19,N,1,1,9.88,31,0.5,0.5,30,0,,62.3,1,,,1,0.3,141,255
2,2018-01-27 23:15:08,2018-01-27 23:44:31,N,1,1,9.47,31,0.5,0.5,6.46,0,,38.76,1,,,1,0.3,13,166
2,2018-01-26 20:35:24,2018-01-26 21:18:54,N,1,1,6.35,31,0.5,0.5,0,0,,32.3,2,,,1,0.3,256,181
1,2018-04-28 20:33:50,2018-04-28 21:10:44,N,1,2,9,31,0.5,0.5,0,0,,32.3,2,,,1,0.3,140,97
2,2018-02-14 04:49:31,2018-02-14 05:28:22,N,1,1,7.48,31,0.5,0.5,0,0,,32.3,1,,,1,0.3,29,61
2,2018-02-28 06:37:29,2018-02-28 06:59:34,N,1,1,10.37,31,0,0.5,6.36,0,,40.11,1,,,1,0.3,132,225
2,2018-02-14 19:04:41,2018-02-14 19:48:07,N,1,1,6.35,31,1,0.5,4.92,0,,39.67,1,,,1,0.3,230,116
2,2018-05-05 15:49:58,2018-05-05 16:21:56,N,1,1,9.95,31,0,0.5,6.89,2.64,,41.33,1,,,1,0.3,244,31
2,2018-04-22 15:36:24,2018-04-22 16:54:44,N,1,1,30.36,85.5,0,0.5,0,7.92,,94.22,1,,,1,0.3,201,185
2,2018-02-15 08:17:09,2018-02-15 09:53:24,N,1,1,25.64,85.5,0,0.5,0,0,,86.3,2,,,1,0.3,223,223
2,2018-03-06 08:41:42,2018-03-06 09:53:24,N,1,1,11.28,47.5,0,0.5,0,0,,48.3,1,,,1,0.3,263,188
2,2018-03-28 13:23:36,2018-03-28 14:19:55,N,1,1,13.11,47.5,0,0.5,0,0,,48.3,1,,,1,0.3,229,22
2,2018-02-24 19:53:36,2018-02-24 20:44:36,N,1,1,13.07,47.5,0,0.5,0,0,,48.3,1,,,1,0.3,260,28
2,2018-04-26 21:05:41,2018-04-26 21:52:17,N,1,1,14.42,47.5,0.5,0.5,9.76,0,,58.56,1,,,1,0.3,231,130
2,2018-01-14 00:49:22,2018-01-14 01:43:36,N,1,1,16.79,47.5,0.5,0.5,0,0,,48.8,2,,,1,0.3,107,74
2,2018-01-06 06:02:53,2018-01-06 06:19:25,N,1,1,10.12,28.5,0,0.5,5.86,0,,35.16,1,,,1,0.3,16,7
2,2018-01-18 07:51:58,2018-01-18 08:34:33,N,1,1,6.63,28.5,0,0.5,5.86,0,,35.16,1,,,1,0.3,246,181
2,2018-04-14 22:36:00,2018-04-14 22:54:02,N,1,2,10.18,28.5,0.5,0.5,2,5.76,,37.56,1,,,1,0.3,74,196
2,2018-04-13 08:05:59,2018-04-13 08:36:18,N,1,1,7.36,28.5,0,0.5,8.76,5.76,,43.82,1,,,1,0.3,138,41
2,2018-03-10 03:45:38,2018-03-10 04:02:08,N,1,1,10.06,28.5,0.5,0.5,5.96,0,,35.76,1,,,1,0.3,197,260
2,2018-03-30 17:11:11,2018-03-30 17:50:44,N,1,1,7.65,28.5,1,0.5,0,0,,30.3,2,,,1,0.3,185,42
2,2018-04-10 18:17:54,2018-04-10 18:48:02,N,1,1,8.17,28.5,1,0.5,0,0,,30.3,1,,,1,0.3,37,179
2,2018-03-05 19:17:49,2018-03-05 19:43:27,N,1,1,8.81,28.5,1,0.5,0,0,,30.3,1,,,1,0.3,232,7
2,2018-04-18 16:15:16,2018-04-18 16:53:33,N,1,1,7.15,28.5,1,0.5,0,0,,30.3,1,,,1,0.3,228,26
2,2018-02-15 19:25:55,2018-02-15 20:02:08,N,1,1,7.37,28.5,1,0.5,0,0,,30.3,1,,,1,0.3,210,181
2,2018-01-04 23:14:34,2018-01-04 23:36:30,N,1,1,9.55,28.5,0.5,0.5,10.67,5.76,,48.18,1,,,1,0.3,260,244
2,2018-04-27 14:31:07,2018-04-27 15:17:22,N,1,1,4.58,28.5,0,0.5,5,0,,34.3,1,,,1,0.3,83,112
2,2018-04-05 23:44:54,2018-04-06 00:01:35,N,1,1,10,28.5,0.5,0.5,5,5.76,,40.56,1,,,1,0.3,223,212
2,2018-03-16 13:30:59,2018-03-16 14:10:30,N,1,1,6.27,28.5,0,0.5,0,0,,29.3,2,,,1,0.3,91,181
2,2018-05-07 14:38:50,2018-05-07 15:22:17,N,1,1,5.36,28.5,0,0.5,0,0,,29.3,2,,,1,0.3,137,225
2,2018-05-05 11:51:39,2018-05-05 12:24:54,N,1,1,8.1,28.5,0,0.5,0,0,,29.3,1,,,1,0.3,129,49
2,2018-01-10 14:08:03,2018-01-10 14:40:04,N,1,1,7.95,28.5,0,0.5,0,0,,29.3,2,,,1,0.3,140,244
2,2018-03-21 11:45:54,2018-03-21 12:06:08,N,1,1,9.95,28.5,0,0.5,0,0,,29.3,1,,,1,0.3,10,171
2,2018-01-28 15:01:21,2018-01-28 15:25:11,N,1,1,9.62,28.5,0,0.5,0,0,,29.3,2,,,1,0.3,7,33
2,2018-01-24 08:01:03,2018-01-24 08:39:43,N,1,1,6.71,28.5,0,0.5,0,0,,29.3,1,,,1,0.3,63,63
2,2018-03-21 09:46:40,2018-03-21 10:10:42,N,1,5,9.47,28.5,0,0.5,0,0,,29.3,2,,,1,0.3,209,82
2,2018-03-27 15:38:58,2018-03-27 16:21:05,N,1,2,6.29,28.5,0,0.5,0,0,,29.3,2,,,1,0.3,60,75
2,2018-04-18 22:15:30,2018-04-18 22:42:26,N,1,1,8.98,28.5,0.5,0.5,0,5.76,,35.56,1,,,1,0.3,7,78
2,2018-04-14 21:01:47,2018-04-14 21:20:46,N,1,1,10.25,28.5,0.5,0.5,0,0,,29.8,1,,,1,0.3,265,130
1,2018-03-21 01:56:17,2018-03-21 02:16:19,N,1,1,9.8,28.5,0.5,0.5,0,0,,29.8,2,,,1,0.3,61,223
2,2018-01-03 21:24:35,2018-01-03 21:47:09,N,1,1,9.8,28.5,0.5,0.5,0,0,,29.8,2,,,1,0.3,236,212
2,2018-02-27 10:47:06,2018-02-27 11:21:13,N,1,2,7.74,28.5,0,0.5,7.32,0,,38.57,1,,,1,0.3,170,189
2,2018-04-04 21:50:43,2018-04-04 22:28:21,N,1,1,7.13,28.5,0.5,0.5,7.45,0,,37.25,1,,,1,0.3,48,82
1,2018-02-02 23:22:50,2018-02-02 23:59:11,N,1,2,6.9,28.5,0.5,0.5,7.45,0,,37.25,1,,,1,0.3,68,112
2,2018-03-19 10:18:31,2018-03-19 11:41:01,N,1,3,27.71,83,0,0.5,0,0,,83.8,1,,,1,0.3,26,51
2,2018-03-31 15:01:46,2018-03-31 16:11:59,N,1,2,20.44,64,0,0.5,0,5.76,,70.56,1,,,1,0.3,61,167
2,2018-04-21 15:29:28,2018-04-21 16:42:39,N,1,1,21.63,64,0,0.5,0,5.76,,70.56,2,,,1,0.3,10,31
2,2018-03-24 08:09:09,2018-03-24 09:08:33,N,1,1,20.99,64,0,0.5,0,0,,64.8,1,,,1,0.3,235,35
2,2018-01-07 04:38:47,2018-01-07 06:22:26,N,1,1,39.41,118.5,0.5,0.5,0,11.52,,131.32,1,,,1,0.3,172,129
2,2018-02-17 21:03:04,2018-02-17 21:40:20,N,1,1,16.33,45,0.5,0.5,9.26,0,,55.56,1,,,1,0.3,127,33
2,2018-04-07 02:00:41,2018-04-07 02:28:42,N,5,1,14.94,45,0,0,0,0,,45,2,,,2,0,178,226
2,2018-02-15 17:07:24,2018-02-15 17:55:40,N,5,1,12.18,45,0,0,0,0,,45,2,,,2,0,132,226
2,2018-02-22 07:13:03,2018-02-22 08:15:24,N,1,1,10.78,45,0,0.5,0,0,,45.8,1,,,1,0.3,107,39
1,2018-05-01 15:26:26,2018-05-01 16:24:04,N,1,1,12.3,45,0,0.5,0,0,,45.8,2,,,1,0.3,45,166
2,2018-02-03 17:49:20,2018-02-03 18:55:20,N,1,1,9.56,45,0,0.5,0,0,,45.8,2,,,1,0.3,223,7
1,2018-04-06 19:35:05,2018-04-06 20:10:08,N,1,1,15.6,45,1,0.5,9.36,0,,56.16,1,,,1,0.3,16,255
2,2018-02-10 23:07:09,2018-02-10 23:34:34,N,5,1,6.1,45,0,0,9,0,,54,1,,,2,0,142,80
1,2018-01-07 16:38:25,2018-01-07 17:24:54,N,1,1,14.1,45,1,0.5,9.35,0,,56.15,1,,,1,0.3,142,130
1,2018-03-27 15:58:56,2018-03-27 17:03:35,N,1,1,10.7,45,0,0.5,6.87,0,,52.67,1,,,1,0.3,216,97
1,2018-04-13 10:51:44,2018-04-13 11:29:20,N,1,1,5.6,26,0,0.5,2,0,,28.8,1,,,1,0.3,107,7
2,2018-03-24 15:07:17,2018-03-24 15:39:18,N,1,1,6.58,26,0,0.5,0,5.76,,32.56,2,,,1,0.3,24,7
2,2018-04-23 18:13:28,2018-04-23 18:43:40,N,1,1,7.69,26,1,0.5,5.56,0,,33.36,1,,,1,0.3,237,66
2,2018-04-23 16:33:04,2018-04-23 17:06:57,N,1,1,6.85,26,1,0.5,5.56,0,,33.36,1,,,1,0.3,48,33
2,2018-04-18 00:53:26,2018-04-18 01:13:22,N,1,1,8.36,26,0.5,0.5,3,0,,30.3,1,,,1,0.3,249,74
2,2018-04-20 18:24:59,2018-04-20 19:02:21,N,1,1,6.22,26,1,0.5,0,0,,27.8,1,,,1,0.3,126,174
2,2018-01-19 18:51:28,2018-01-19 19:14:38,N,1,1,8.35,26,1,0.5,0,0,,27.8,2,,,1,0.3,134,260
2,2018-02-22 17:27:42,2018-02-22 18:00:20,N,1,1,6.57,26,1,0.5,0,0,,27.8,1,,,1,0.3,219,130
2,2018-02-13 06:12:16,2018-02-13 18:46:22,N,1,1,6.33,26,1,0.5,0,0,,27.8,2,,,1,0.3,100,97
1,2018-02-06 19:00:30,2018-02-06 19:24:12,N,1,1,7.6,26,1,0.5,0,0,,27.8,2,,,1,0.3,48,244
2,2018-04-22 18:56:38,2018-04-22 19:18:25,N,1,1,8.62,26,0,0.5,6.7,0,,33.5,1,,,1,0.3,223,130
2,2018-04-18 11:11:20,2018-04-18 11:45:58,N,1,1,6.7,26,0,0,0,0,,26,1,,,2,0,198,257
2,2018-05-05 22:06:16,2018-05-05 22:32:42,N,1,5,8.17,26,0.5,0.5,2,0,,29.3,1,,,1,0.3,140,65
2,2018-02-04 13:43:54,2018-02-04 14:05:41,N,1,1,8.65,26,0,0.5,0,0,,26.8,2,,,1,0.3,79,42
2,2018-03-18 16:20:21,2018-03-18 16:51:50,N,1,1,6.34,26,0,0.5,0,0,,26.8,1,,,1,0.3,68,41
2,2018-04-23 10:16:10,2018-04-23 10:43:20,N,1,1,7.06,26,0,0.5,0,0,,26.8,1,,,1,0.3,3,136
2,2018-04-15 11:05:49,2018-04-15 11:37:13,N,1,2,6.5,26,0,0.5,0,0,,26.8,1,,,1,0.3,258,91
2,2018-03-01 11:34:31,2018-03-01 11:52:52,N,1,1,8.82,26,0,0.5,0,0,,26.8,1,,,1,0.3,254,168
1,2018-01-09 10:36:06,2018-01-09 11:03:02,N,1,1,7.3,26,0,0.5,0,0,,26.8,2,,,1,0.3,26,210
2,2018-02-14 14:40:07,2018-02-14 15:09:57,N,1,5,6.59,26,0,0.5,0,0,,26.8,2,,,1,0.3,163,42
2,2018-02-24 11:34:28,2018-02-24 11:51:47,N,1,1,8.58,26,0,0.5,0,0,,26.8,1,,,1,0.3,247,174
2,2018-04-04 09:32:29,2018-04-04 10:09:12,N,1,1,5.3,26,0,0.5,0,0,,26.8,1,,,1,0.3,25,77
2,2018-02-14 12:33:22,2018-02-14 13:06:40,N,1,1,6.44,26,0,0.5,5.36,0,,32.16,1,,,1,0.3,145,97
1,2018-04-20 09:51:39,2018-04-20 10:09:27,N,1,1,9,26,0,0.5,5.36,0,,32.16,1,,,1,0.3,163,127
2,2018-04-11 07:07:01,2018-04-11 07:28:00,N,1,1,8.29,26,0,0.5,3,0,,29.8,1,,,1,0.3,87,75
2,2018-04-21 20:10:23,2018-04-21 20:33:11,N,1,1,8.46,26,0.5,0.5,0,0,,27.3,2,,,1,0.3,112,95
2,2018-03-12 20:04:15,2018-03-12 20:39:37,N,1,1,6.16,26,0.5,0.5,0,0,,27.3,1,,,1,0.3,189,76
2,2018-04-14 23:09:31,2018-04-14 23:32:51,N,1,2,7.98,26,0.5,0.5,0,0,,27.3,2,,,1,0.3,228,25
2,2018-03-18 02:14:18,2018-03-18 02:43:57,N,1,1,7.28,26,0.5,0.5,0,0,,27.3,2,,,1,0.3,163,256
2,2018-02-09 22:38:36,2018-02-09 22:54:18,N,1,1,8.96,26,0.5,0.5,0,0,,27.3,1,,,1,0.3,135,129
1,2018-04-16 20:23:49,2018-04-16 20:41:36,N,1,1,8.6,26,0.5,0.5,5.45,0,,32.75,1,,,1,0.3,14,97
2,2018-03-02 11:59:20,2018-03-02 12:34:47,N,1,1,14.31,42.5,0,0.5,0,0,,43.3,1,,,1,0.3,134,65
2,2018-03-02 08:19:16,2018-03-02 08:53:51,N,4,3,10.08,42.5,0,0.5,0,0,,43.3,2,,,1,0.3,265,130
2,2018-01-09 07:41:26,2018-01-09 08:38:44,N,1,1,10.72,42.5,0,0.5,0,0,,43.3,2,,,1,0.3,74,51
2,2018-03-29 13:02:49,2018-03-29 13:39:38,N,1,1,14.32,42.5,0,0.5,0,0,,43.3,1,,,1,0.3,168,212
2,2018-01-14 09:35:33,2018-01-14 10:34:38,N,1,1,17.26,59,0,0.5,0,0,,59.8,2,,,1,0.3,62,38
2,2018-04-07 22:03:47,2018-04-07 22:45:57,N,1,1,20.32,59,0.5,0.5,0,5.76,,66.06,1,,,1,0.3,182,76
2,2018-03-20 17:30:10,2018-03-20 18:13:55,N,1,3,12.44,40,1,0.5,0,0,,41.8,1,,,1,0.3,226,65
2,2018-03-03 13:05:32,2018-03-03 13:05:39,N,5,1,0.01,40,0,0,0,0,,40,1,,,2,0,243,243
1,2018-04-15 13:42:27,2018-04-15 14:33:01,N,1,1,10.8,40,0,0.5,6.98,5.76,,53.54,1,,,1,0.3,50,14
2,2018-04-11 13:06:14,2018-04-11 13:38:21,N,1,3,13.3,40,0,0.5,0,0,,40.8,1,,,1,0.3,14,72
2,2018-02-01 06:58:50,2018-02-01 07:40:38,N,1,1,12.39,40,0,0.5,0,0,,40.8,1,,,1,0.3,136,183
2,2018-03-01 07:56:45,2018-03-01 08:31:21,N,1,1,12.76,40,0,0.5,0,0,,40.8,1,,,1,0.3,16,216
2,2018-04-19 15:05:27,2018-04-19 16:01:51,N,1,1,11.35,40,0,0.5,0,0,,40.8,1,,,1,0.3,155,14
2,2018-03-09 13:46:18,2018-03-09 14:29:57,N,1,1,12.8,40,0,0.5,0,0,,40.8,1,,,1,0.3,76,22
2,2018-01-08 10:36:28,2018-01-08 11:00:14,N,1,1,14.72,40,0,0.5,0,0,,40.8,2,,,1,0.3,191,177
2,2018-04-13 07:03:55,2018-04-13 08:04:26,N,1,1,9.04,40,0,0.5,0,0,,40.8,1,,,1,0.3,67,61
2,2018-02-28 21:00:30,2018-02-28 21:00:34,N,5,2,0,40,0,0,3,0,,43,1,,,2,0,91,91
2,2018-03-06 04:22:47,2018-03-06 04:51:10,N,1,5,13.93,40,0.5,0.5,0,0,,41.3,1,,,1,0.3,202,215
2,2018-03-27 20:06:48,2018-03-27 20:37:00,N,1,1,13.44,40,0.5,0.5,0,0,,41.3,2,,,1,0.3,29,65
2,2018-03-05 07:54:42,2018-03-05 08:38:41,N,1,1,11.41,40,0,0.5,9.31,5.76,,55.87,1,,,1,0.3,138,243
1,2018-02-16 15:33:43,2018-02-16 16:25:56,N,1,1,9.3,40,0,0.5,8.15,0,,48.95,1,,,1,0.3,164,243
1,2018-04-10 20:55:22,2018-04-10 21:27:00,N,1,1,13.6,40,0.5,0.5,6.19,0,,47.49,1,,,1,0.3,209,21
2,2018-04-30 14:51:24,2018-04-30 16:47:00,N,1,1,27.6,94.5,0,0.5,0,7.92,,103.22,1,,,1,0.3,117,126
2,2018-03-17 18:55:43,2018-03-17 20:04:22,N,1,1,25.08,75.5,0,0.5,0,0,,76.3,1,,,1,0.3,145,210
2,2018-04-20 17:49:21,2018-04-20 19:00:15,N,1,1,15.94,56.5,1,0.5,0,5.76,,64.06,1,,,1,0.3,28,174
2,2018-04-20 06:24:09,2018-04-20 07:19:01,N,1,1,18.89,56.5,0,0.5,0,5.76,,63.06,1,,,1,0.3,209,51
2,2018-03-21 09:59:26,2018-03-21 10:48:11,N,1,1,18.83,56.5,0,0.5,0,0,,57.3,1,,,1,0.3,72,228
2,2018-01-22 12:33:57,2018-01-22 13:25:18,N,1,1,19.02,56.5,0,0.5,0,0,,57.3,1,,,1,0.3,70,117
2,2018-03-27 09:12:43,2018-03-27 10:42:04,N,1,1,12.2,56.5,0,0.5,0,0,,57.3,1,,,1,0.3,97,177
2,2018-04-03 15:31:53,2018-04-03 16:33:10,N,1,2,19.62,56.5,0,0.5,0,0,,57.3,1,,,1,0.3,10,14
2,2018-03-07 19:34:49,2018-03-07 20:25:05,N,1,1,19.91,56.5,1,0.5,0.05,5.76,,64.11,1,,,1,0.3,72,75
2,2018-04-14 05:29:17,2018-04-14 06:08:12,N,1,1,11.06,37.5,0.5,0.5,0,0,,38.8,1,,,1,0.3,137,71
2,2018-04-27 17:59:00,2018-04-27 18:47:23,N,1,1,10.94,37.5,1,0.5,0,5.76,,45.06,2,,,1,0.3,236,92
2,2018-05-03 16:39:17,2018-05-03 17:32:47,N,1,1,9.17,37.5,1,0.5,0,0,,39.3,1,,,1,0.3,232,41
2,2018-01-24 18:06:55,2018-01-24 18:58:47,N,1,1,9.33,37.5,1,0.5,0,0,,39.3,2,,,1,0.3,102,205
2,2018-04-12 10:01:29,2018-04-12 10:55:27,N,1,1,7.99,37.5,0,0.5,0,0,,38.3,1,,,1,0.3,234,97
2,2018-02-28 08:32:26,2018-02-28 09:26:00,N,1,1,8.24,37.5,0,0.5,0,0,,38.3,2,,,1,0.3,236,196
2,2018-03-28 07:01:30,2018-03-28 07:55:11,N,1,1,8.97,37.5,0,0.5,0,0,,38.3,1,,,1,0.3,144,39
2,2018-04-14 23:24:44,2018-04-15 00:05:55,N,1,1,11.16,37.5,0.5,0.5,7.5,0,,46.3,1,,,1,0.3,239,181
2,2018-03-29 11:41:41,2018-03-29 12:29:28,N,1,1,10.19,37.5,0,0.5,7.66,0,,45.96,1,,,1,0.3,137,244
2,2018-03-01 08:18:05,2018-03-01 09:03:03,N,1,1,10.51,37.5,0,0.5,7.66,0,,45.96,1,,,1,0.3,148,244
1,2018-03-03 18:04:39,2018-03-03 18:49:01,Y,1,1,11,37.5,0,0.5,7.65,0,,45.95,1,,,1,0.3,132,36
2,2018-01-17 09:44:46,2018-01-17 10:16:33,N,1,1,11.99,37.5,0,0.5,7.66,0,,47.91,1,,,1,0.3,132,49
2,2018-05-03 20:39:03,2018-05-03 22:11:15,N,1,1,6.97,54,0.5,0.5,0,0,,55.3,1,,,1,0.3,237,159
2,2018-04-18 23:05:27,2018-04-18 23:42:24,N,1,1,19.37,54,0.5,0.5,0,0,,55.3,2,,,1,0.3,14,93
2,2018-04-13 19:09:36,2018-04-13 20:20:24,N,1,1,15,54,1,0.5,0,5.76,,61.56,1,,,1,0.3,61,42
2,2018-01-15 07:38:54,2018-01-15 07:56:28,N,5,1,5.04,54,0,0,10.8,0,,64.8,1,,,2,0,132,219
1,2018-01-28 20:15:25,2018-01-28 20:46:45,N,1,2,11.7,35,0.5,0.5,0,0,,36.3,2,,,1,0.3,239,181
2,2018-02-03 22:31:10,2018-02-03 22:56:56,N,1,1,12.13,35,0.5,0.5,0,0,,36.3,2,,,1,0.3,216,260
2,2018-02-16 19:34:44,2018-02-16 20:16:21,N,1,1,9.96,35,0.5,0.5,0,0,,36.3,1,,,1,0.3,222,130
1,2018-04-10 19:49:22,2018-04-10 20:21:08,N,1,2,11.1,35,1,0.5,11,0,,47.8,1,,,1,0.3,13,244
2,2018-01-09 19:57:52,2018-01-09 20:36:18,N,1,1,10.29,35,1,0.5,7.36,0,,44.16,1,,,1,0.3,238,52
2,2018-02-18 04:35:39,2018-02-18 04:35:46,N,5,1,0,35,0,0,7,0,,42,1,,,2,0,181,181
2,2018-03-09 03:13:31,2018-03-09 03:52:45,N,5,1,16.85,35,0,0,0,5.76,,40.76,2,,,2,0,7,7
2,2018-05-06 20:59:20,2018-05-06 21:30:00,N,1,1,11.73,35,0.5,0.5,12.62,5.76,,54.68,1,,,1,0.3,161,95
2,2018-03-24 15:09:27,2018-03-24 15:59:17,N,1,1,6.73,35,0,0.5,5,0,,40.8,1,,,1,0.3,50,97
2,2018-01-25 18:47:03,2018-01-25 18:47:08,N,5,1,0,35,0,0,0,0,,35,1,,,2,0,130,130
2,2018-03-06 15:01:21,2018-03-06 15:36:28,N,1,1,10.82,35,0,0.5,0,0,,35.8,1,,,1,0.3,55,39
2,2018-03-10 14:44:36,2018-03-10 15:40:45,N,1,1,5.63,35,0,0.5,0,0,,35.8,1,,,1,0.3,62,77
2,2018-03-31 16:40:19,2018-03-31 17:34:04,N,1,1,7.31,35,0,0.5,0,0,,35.8,1,,,1,0.3,261,36
2,2018-02-08 10:24:57,2018-02-08 11:11:38,N,1,3,10.42,35,0,0.5,0,0,,35.8,1,,,1,0.3,34,22
2,2018-04-21 18:56:48,2018-04-21 19:30:12,N,1,1,11.31,35,0,0.5,0,0,,35.8,2,,,1,0.3,205,93
2,2018-03-15 10:59:56,2018-03-15 11:29:24,N,1,1,12.03,35,0,0.5,0,0,,35.8,1,,,1,0.3,180,191
2,2018-05-07 09:00:43,2018-05-07 09:43:23,N,1,1,9.66,35,0,0.5,6.66,5.76,,48.22,1,,,1,0.3,234,95
2,2018-04-30 16:58:39,2018-04-30 17:55:05,N,1,1,6.88,35,1,0.5,3.8,0,,40.6,1,,,1,0.3,18,75
2,2018-02-22 22:12:08,2018-02-22 22:52:06,N,1,1,10.31,35,0.5,0.5,7.26,0,,43.56,1,,,1,0.3,238,66
2,2018-02-11 02:59:01,2018-02-11 03:27:30,N,1,1,11.75,35,0.5,0.5,7.26,0,,43.56,1,,,1,0.3,151,40
2,2018-04-10 05:47:29,2018-04-10 06:15:25,N,1,1,11.71,35,0.5,0.5,8.41,5.76,,50.47,1,,,1,0.3,138,158
1,2018-05-07 13:59:16,2018-05-07 14:41:54,N,1,1,9.4,35,0,0.5,5.37,0,,41.17,1,,,1,0.3,150,181
1,2018-03-10 18:51:20,2018-03-10 20:27:39,N,1,1,19.3,70.5,0,0.5,8,5.76,,85.06,1,,,1,0.3,54,54
2,2018-01-14 00:37:43,2018-01-14 00:38:39,N,1,1,0.21,-3,-0.5,-0.5,0,0,,-4.3,3,,,1,-0.3,41,41
2,2018-02-27 21:43:44,2018-02-27 21:44:27,N,1,1,0.24,-3,-0.5,-0.5,0,0,,-4.3,3,,,1,-0.3,85,71
2,2018-03-12 20:03:34,2018-03-12 20:05:01,N,1,1,0.09,-3,-0.5,-0.5,0,0,,-4.3,2,,,1,-0.3,82,82
2,2018-01-01 06:37:47,2018-01-01 06:39:10,N,1,1,0.24,-3,0,-0.5,0,0,,-3.8,3,,,1,-0.3,244,244
2,2018-03-19 14:30:21,2018-03-19 14:31:20,N,1,5,0.24,-3,0,-0.5,0,0,,-3.8,4,,,1,-0.3,134,134
2,2018-01-18 16:25:47,2018-01-18 16:27:04,N,1,1,0.15,-3,-1,-0.5,0,0,,-4.8,4,,,1,-0.3,129,82
2,2018-01-03 18:06:22,2018-01-03 18:08:01,N,1,1,0.14,-3,-1,-0.5,0,0,,-4.8,3,,,1,-0.3,181,181
1,2018-05-04 17:40:57,2018-05-04 18:48:37,N,1,4,12.9,51.5,1,0.5,0,0,,53.3,2,,,1,0.3,132,40
2,2018-02-08 21:59:53,2018-02-08 22:20:20,N,3,1,11.83,51.5,0.5,0,8.71,5.76,,68.72,1,,,1,0.3,28,42
1,2018-05-02 10:22:25,2018-05-02 11:01:13,N,1,1,9.3,32.5,0,0.5,3,0,,36.3,1,,,1,0.3,144,42
2,2018-01-16 00:51:01,2018-01-16 01:10:50,N,1,1,11.15,32.5,0.5,0.5,0,0,,33.8,1,,,1,0.3,226,130
2,2018-01-23 23:25:13,2018-01-23 23:52:53,N,1,1,10.69,32.5,0.5,0.5,0,0,,33.8,2,,,1,0.3,68,7
2,2018-02-26 14:49:00,2018-02-26 15:26:50,N,1,1,9.31,32.5,0,0.5,6.66,0,,39.96,1,,,1,0.3,232,24
2,2018-01-11 17:57:01,2018-01-11 18:48:26,N,1,6,5.86,32.5,1,0.5,5,0,,39.3,1,,,1,0.3,158,256
2,2018-04-02 19:47:20,2018-04-02 20:11:03,N,1,3,11.15,32.5,1,0.5,0,0,,34.3,2,,,1,0.3,87,42
2,2018-01-01 02:17:41,2018-01-01 02:47:51,N,1,1,10.35,32.5,0.5,0.5,6.76,0,,40.56,1,,,1,0.3,211,168
2,2018-03-01 13:31:32,2018-03-01 14:09:25,N,1,1,8.83,32.5,0,0.5,0,0,,33.3,2,,,1,0.3,162,244
2,2018-02-21 10:50:18,2018-02-21 11:33:18,N,1,1,6.14,32.5,0,0.5,0,0,,33.3,1,,,1,0.3,230,116
2,2018-03-04 16:44:43,2018-03-04 17:23:56,N,1,1,8.16,32.5,0,0.5,0,0,,33.3,1,,,1,0.3,185,41
2,2018-03-16 07:50:35,2018-03-16 08:21:07,N,1,5,8.99,32.5,0,0.5,0,0,,33.3,1,,,1,0.3,92,226
2,2018-01-19 20:55:20,2018-01-19 21:31:14,N,1,1,9.36,32.5,0.5,0.5,0,5.76,,39.56,2,,,1,0.3,158,82
2,2018-02-26 19:47:59,2018-02-26 20:23:04,N,1,1,9.07,32.5,1,0.5,6.86,0,,41.16,1,,,1,0.3,107,116
2,2018-02-05 11:12:54,2018-02-05 11:43:45,N,1,5,9.85,32.5,0,0.5,8.32,0,,41.62,1,,,1,0.3,261,43
2,2018-04-27 22:52:13,2018-04-27 23:25:09,N,1,1,9.84,32.5,0.5,0.5,6.76,0,,42.51,1,,,1,0.3,262,189
2,2018-01-26 03:28:22,2018-01-26 03:51:28,N,1,4,11.07,32.5,0.5,0.5,4,0,,39.75,1,,,1,0.3,68,127
2,2018-02-06 21:28:51,2018-02-06 21:33:09,N,1,1,0.97,-5.5,-0.5,-0.5,0,0,,-6.8,4,,,1,-0.3,75,74
2,2018-04-30 04:57:15,2018-04-30 05:31:46,N,1,1,16.86,49,0.5,0.5,0,0,,50.3,1,,,1,0.3,45,215
2,2018-03-27 17:26:38,2018-03-27 18:28:34,N,1,1,14.21,49,1,0.5,0,0,,50.8,1,,,1,0.3,62,203
2,2018-04-13 22:37:57,2018-04-13 23:11:49,N,1,1,17.98,49,0.5,0.5,10.06,0,,60.36,1,,,1,0.3,132,33
2,2018-02-22 10:41:15,2018-02-22 11:22:39,N,1,1,16.51,49,0,0.5,0,0,,49.8,1,,,1,0.3,39,227
2,2018-01-29 20:48:51,2018-01-29 21:10:09,N,1,1,10.27,30,0.5,0.5,0,0,,31.3,2,,,1,0.3,89,112
2,2018-04-09 01:25:16,2018-04-09 01:56:44,N,1,1,8.94,30,0.5,0.5,0,0,,31.3,2,,,1,0.3,239,255
2,2018-04-23 05:30:46,2018-04-23 05:57:30,N,1,1,9.35,30,0.5,0.5,0,0,,31.3,1,,,1,0.3,231,129
2,2018-03-10 21:55:13,2018-03-10 22:19:44,N,1,1,10.52,30,0.5,0.5,0,0,,31.3,1,,,1,0.3,129,10
2,2018-04-20 23:43:04,2018-04-21 00:14:25,N,1,1,8.9,30,0.5,0.5,6.26,0,,37.56,1,,,1,0.3,257,112
2,2018-03-14 18:26:00,2018-03-14 19:13:22,N,1,1,6.49,30,1,0.5,0,5.76,,37.56,2,,,1,0.3,142,255
2,2018-02-24 21:52:47,2018-02-24 22:39:48,N,1,2,5.78,30,0.5,0.5,6.26,0,,37.56,1,,,1,0.3,163,66
2,2018-02-09 09:19:53,2018-02-09 09:34:53,N,3,1,3.37,30,0,0,0,0,,30.3,1,,,1,0.3,182,78
1,2018-02-20 15:13:43,2018-02-20 15:38:33,N,1,1,10.3,30,0,0.5,0,5.76,,36.56,2,,,1,0.3,138,244
2,2018-04-17 08:56:46,2018-04-17 09:37:29,N,1,2,6.38,30,0,0.5,7.7,0,,38.5,1,,,1,0.3,246,97
2,2018-03-25 08:15:23,2018-03-25 08:38:04,N,1,1,9.52,30,0,0.5,7.7,0,,38.5,1,,,1,0.3,164,127
2,2018-01-01 01:42:58,2018-01-01 01:44:05,N,5,1,0,30,0,0.5,5,0,,35.8,1,,,1,0.3,109,109
1,2018-02-17 19:15:50,2018-02-17 19:56:50,N,5,4,8,30,0,0,0,0,,30,2,,,2,0,181,83
2,2018-01-14 15:08:37,2018-01-14 15:56:59,N,1,1,5.91,30,0,0.5,0,0,,30.8,2,,,1,0.3,246,145
2,2018-04-18 11:27:50,2018-04-18 12:04:18,N,1,1,7.6,30,0,0.5,0,0,,30.8,1,,,1,0.3,97,14
2,2018-04-10 12:24:04,2018-04-10 12:46:17,N,1,1,9.94,30,0,0.5,0,0,,30.8,1,,,1,0.3,191,82
2,2018-05-02 12:42:40,2018-05-02 13:27:32,N,1,6,6.45,30,0,0.5,0,0,,30.8,1,,,1,0.3,237,80
2,2018-04-17 14:05:12,2018-04-17 14:37:00,N,1,5,8.42,30,0,0.5,0,0,,30.8,1,,,1,0.3,67,165
2,2018-04-27 10:33:54,2018-04-27 11:22:19,N,1,1,6.04,30,0,0.5,0,0,,30.8,2,,,1,0.3,181,255
2,2018-01-10 06:12:40,2018-01-10 06:54:39,N,1,2,6.92,30,0,0.5,0,0,,30.8,1,,,1,0.3,65,149
2,2018-04-27 07:31:01,2018-04-27 08:06:58,N,1,1,8.79,30,0,0.5,0,0,,30.8,1,,,1,0.3,65,223
2,2018-02-19 09:42:30,2018-02-19 10:03:10,N,1,1,10.47,30,0,0.5,0,0,,30.8,1,,,1,0.3,14,155
1,2018-01-12 15:31:31,2018-01-12 16:24:28,N,1,1,4.1,30,0,0.5,0,0,,30.8,2,,,1,0.3,169,250
2,2018-04-27 15:15:23,2018-04-27 16:05:11,N,1,1,4.49,30,0,0.5,0,0,,30.8,1,,,1,0.3,77,225
2,2018-02-01 09:43:52,2018-02-01 10:15:02,N,1,1,8.89,30,0,0.5,0,0,,30.8,1,,,1,0.3,69,3
2,2018-03-28 13:53:39,2018-03-28 14:34:57,N,1,1,6.4,30,0,0.5,0,0,,30.8,1,,,1,0.3,137,61
2,2018-03-30 02:32:06,2018-03-30 02:56:26,N,1,2,9.99,30,0.5,0.5,0,5.76,,37.06,2,,,1,0.3,82,166
2,2018-04-13 05:48:05,2018-04-13 06:12:13,N,1,1,10.49,30,0.5,0.5,0,5.76,,37.06,1,,,1,0.3,162,213
2,2018-03-04 10:04:41,2018-03-04 10:40:04,N,1,1,8.81,30,0,0.5,6.16,0,,36.96,1,,,1,0.3,239,97
2,2018-01-09 09:37:29,2018-01-09 10:13:51,N,1,1,8.57,30,0,0.5,6.16,0,,36.96,1,,,1,0.3,225,82
2,2018-02-28 15:44:41,2018-02-28 15:59:09,N,5,0,3.53,30,0,0,0.01,0,,30.01,1,,,2,0,18,247
2,2018-01-25 22:29:00,2018-01-25 22:52:36,N,1,1,9.83,30,0.5,0.5,6.26,0,,39.51,1,,,1,0.3,56,181
2,2018-04-12 16:26:43,2018-04-12 16:59:40,N,1,1,8.38,30,1,0.5,1.59,0,,33.39,1,,,1,0.3,170,244
2,2018-04-28 15:00:23,2018-04-28 16:47:07,N,1,5,11.39,65.5,0,0.5,0,0,,68.25,1,,,1,0.3,65,14
1,2018-04-24 21:12:14,2018-04-24 22:05:35,N,1,1,13.9,46.5,0.5,0.5,0,0,,47.8,2,,,1,0.3,90,182
1,2018-04-18 15:11:33,2018-04-18 16:17:28,N,1,1,13.1,46.5,0,0.5,7.1,0,,54.4,1,,,1,0.3,49,166
2,2018-03-01 05:52:26,2018-03-01 06:24:07,N,1,1,16.26,46.5,0.5,0.5,0,2.64,,50.44,1,,,1,0.3,100,174
2,2018-02-10 07:17:47,2018-02-10 07:56:35,N,1,1,15.36,46.5,0,0.5,0,5.76,,53.06,1,,,1,0.3,248,36
2,2018-01-08 16:45:38,2018-01-08 17:47:40,N,1,1,13.7,46.5,1,0.5,0,0,,48.3,2,,,1,0.3,132,7
2,2018-03-29 11:17:36,2018-03-29 12:11:00,N,1,1,13.85,46.5,0,0.5,0,0,,47.3,1,,,1,0.3,97,150
2,2018-02-20 11:53:09,2018-02-20 12:34:57,N,1,1,15.19,46.5,0,0.5,0,0,,47.3,1,,,1,0.3,191,146
1,2018-03-28 21:22:28,2018-03-28 21:46:32,N,1,1,8.9,27.5,0.5,0.5,4.32,0,,33.12,1,,,1,0.3,76,155
2,2018-04-24 20:52:11,2018-04-24 21:28:14,N,1,2,6.98,27.5,0.5,0.5,0,0,,28.8,1,,,1,0.3,89,63
1,2018-03-13 16:46:44,2018-03-13 17:28:30,N,1,1,6.3,27.5,1,0.5,4.4,0,,33.7,1,,,1,0.3,85,256
2,2018-01-28 07:48:17,2018-01-28 08:11:39,N,1,3,8.71,27.5,0,0.5,0,5.76,,34.06,1,,,1,0.3,226,213
2,2018-05-03 14:47:29,2018-05-03 15:20:43,N,1,5,7.23,27.5,0,0.5,0,5.76,,34.06,1,,,1,0.3,74,242
2,2018-03-11 10:19:56,2018-03-11 10:37:24,N,1,1,9.25,27.5,0,0.5,5.66,0,,33.96,1,,,1,0.3,48,127
2,2018-01-14 16:55:43,2018-01-14 17:33:38,N,1,1,6.42,27.5,0,0.5,5.66,0,,33.96,1,,,1,0.3,143,129
2,2018-01-15 11:25:40,2018-01-15 11:44:28,N,1,1,9.18,27.5,0,0.5,5.66,0,,33.96,1,,,1,0.3,48,127
2,2018-04-11 09:25:15,2018-04-11 09:56:20,N,1,1,8.05,27.5,0,0.5,5.66,0,,33.96,1,,,1,0.3,140,33
2,2018-04-02 19:07:14,2018-04-02 19:26:17,N,1,1,9.16,27.5,1,0.5,0,0,,29.3,1,,,1,0.3,130,129
2,2018-03-23 16:10:02,2018-03-23 16:53:44,N,1,1,3.75,27.5,1,0.5,0,0,,29.3,2,,,1,0.3,126,74
1,2018-03-09 18:13:57,2018-03-09 18:56:12,N,1,2,5.3,27.5,1,0.5,0,0,,29.3,2,,,1,0.3,35,25
2,2018-04-30 17:48:26,2018-04-30 18:31:44,N,1,1,4.44,27.5,1,0.5,0,0,,29.3,1,,,1,0.3,155,108
2,2018-01-12 17:45:10,2018-01-12 18:16:53,N,1,1,8.04,27.5,1,0.5,0,0,,29.3,2,,,1,0.3,254,235
2,2018-01-08 16:09:27,2018-01-08 16:30:53,N,1,1,8.75,27.5,1,0.5,0,0,,29.3,2,,,1,0.3,129,134
1,2018-04-02 11:40:03,2018-04-02 12:08:55,N,1,2,7.8,27.5,0,0.5,5,0,,33.3,1,,,1,0.3,186,66
2,2018-05-04 06:15:48,2018-05-04 06:32:57,N,1,1,9.8,27.5,0,0.5,5,0,,33.3,1,,,1,0.3,183,75
2,2018-04-14 01:56:30,2018-04-14 02:24:31,N,1,1,8.21,27.5,0.5,0.5,2,0,,30.8,1,,,1,0.3,151,80
2,2018-03-13 11:08:09,2018-03-13 11:29:34,N,1,1,8.84,27.5,0,0.5,0,0,,28.3,1,,,1,0.3,254,168
2,2018-04-07 13:09:17,2018-04-07 13:47:47,N,1,6,5.85,27.5,0,0.5,0,0,,28.3,1,,,1,0.3,76,89
2,2018-01-30 09:07:49,2018-01-30 09:32:41,N,1,5,8.55,27.5,0,0.5,0,0,,28.3,1,,,1,0.3,149,76
2,2018-05-03 14:53:45,2018-05-03 15:32:37,N,1,1,5.53,27.5,0,0.5,0,0,,28.3,2,,,1,0.3,186,75
2,2018-02-28 06:56:01,2018-02-28 07:26:53,N,1,1,8.48,27.5,0,0.5,0,0,,28.3,1,,,1,0.3,69,200
2,2018-01-27 08:29:17,2018-01-27 08:51:16,N,1,1,9.04,27.5,0,0.5,0,0,,28.3,1,,,1,0.3,175,205
2,2018-03-23 11:49:00,2018-03-23 12:21:05,N,1,1,7.18,27.5,0,0.5,7.08,0,,35.38,1,,,1,0.3,162,33
1,2018-03-29 10:07:04,2018-03-29 10:43:20,N,1,1,7.1,27.5,0,0.5,7.05,0,,35.35,1,,,1,0.3,162,33
1,2018-04-23 09:31:54,2018-04-23 09:59:48,N,1,1,8.2,27.5,0,0.5,7.05,0,,35.35,1,,,1,0.3,130,82
1,2018-03-01 10:46:00,2018-03-01 11:18:09,N,1,1,7.2,27.5,0,0.5,5.65,0,,33.95,1,,,1,0.3,158,43
2,2018-05-05 20:53:42,2018-05-05 21:40:11,N,1,1,13,44,0.5,0.5,0,2.16,,47.46,2,,,1,0.3,117,129
2,2018-05-02 11:28:59,2018-05-02 12:05:33,N,1,2,14.77,44,0,0.5,0,5.76,,50.56,1,,,1,0.3,46,95
2,2018-04-22 08:53:36,2018-04-22 09:24:50,N,1,1,15.31,44,0,0.5,0,0,,44.8,1,,,1,0.3,35,14
2,2018-02-09 08:00:36,2018-02-09 09:07:11,N,1,1,9.97,44,0,0.5,0,0,,44.8,1,,,1,0.3,65,123
2,2018-04-01 15:37:25,2018-04-01 16:11:16,N,1,1,15.19,44,0,0.5,0,0,,44.8,1,,,1,0.3,56,203
2,2018-03-17 14:45:59,2018-03-17 16:20:09,N,1,1,21.46,79.5,0,0.5,0,0,,80.3,1,,,1,0.3,61,115
2,2018-05-04 18:06:15,2018-05-04 19:33:56,N,1,1,16.09,60.5,1,0.5,0,0,,62.3,1,,,1,0.3,74,62
2,2018-04-19 15:16:17,2018-04-19 16:39:31,N,1,1,16.72,60.5,0,0.5,0,0,,61.3,1,,,1,0.3,133,210
2,2018-01-09 12:31:24,2018-01-09 13:04:50,N,1,1,13.72,41.5,0,0.5,8.46,0,,50.76,1,,,1,0.3,132,82
2,2018-04-22 08:17:20,2018-04-22 08:58:06,N,1,5,12.87,41.5,0,0.5,0,5.76,,48.06,1,,,1,0.3,48,95
2,2018-04-11 07:55:42,2018-04-11 08:39:53,N,1,1,13.77,41.5,0,0.5,0,0,,42.3,1,,,1,0.3,91,203
2,2018-03-15 11:21:44,2018-03-15 12:25:43,N,1,1,8.9,41.5,0,0.5,0,0,,42.3,1,,,1,0.3,186,61
2,2018-03-26 12:57:40,2018-03-26 13:41:12,N,1,1,12.85,41.5,0,0.5,0,0,,42.3,1,,,1,0.3,137,14
2,2018-03-30 06:39:58,2018-03-30 07:26:16,N,1,1,11.25,41.5,0,0.5,0,0,,42.3,1,,,1,0.3,226,61
2,2018-04-26 14:42:36,2018-04-26 15:48:36,N,1,1,7.73,41.5,0,0.5,0,0,,42.3,2,,,1,0.3,239,82
2,2018-03-27 13:50:34,2018-03-27 14:52:57,N,1,1,9.68,41.5,0,0.5,0,0,,42.3,1,,,1,0.3,255,155
1,2018-05-06 19:35:37,2018-05-06 20:10:29,N,1,1,14.3,41.5,0,0.5,8.45,0,,50.75,1,,,1,0.3,132,145
2,2018-01-25 21:28:11,2018-01-25 22:13:23,N,1,1,28.34,77,0.5,0.5,0,0,,78.3,1,,,1,0.3,106,95
2,2018-03-20 15:06:05,2018-03-20 16:08:53,N,1,1,19.48,58,0,0.5,0,5.76,,64.56,1,,,1,0.3,63,75
2,2018-03-10 16:57:17,2018-03-10 18:06:21,N,1,5,16.67,58,0,0.5,0,0,,58.8,1,,,1,0.3,241,65
2,2018-03-19 20:23:10,2018-03-19 20:53:28,N,1,1,13.95,39,0.5,0.5,8.06,0,,48.36,1,,,1,0.3,132,7
1,2018-03-17 22:36:05,2018-03-17 23:23:35,N,1,2,11.6,39,0.5,0.5,0,0,,40.3,2,,,1,0.3,63,82
2,2018-04-09 20:51:48,2018-04-09 21:36:56,N,1,1,11.48,39,0.5,0.5,0,0,,40.3,2,,,1,0.3,151,188
2,2018-04-26 10:31:15,2018-04-26 11:13:31,N,1,1,11.44,39,0,0.5,5,5.76,,50.56,1,,,1,0.3,138,186
2,2018-03-29 06:29:35,2018-03-29 07:08:12,N,1,2,12.58,39,0,0.5,0,5.76,,45.56,1,,,1,0.3,136,173
2,2018-02-27 16:13:31,2018-02-27 17:17:32,N,1,1,5.85,39,1,0.5,0,0,,40.8,1,,,1,0.3,39,97
2,2018-03-01 16:17:36,2018-03-01 17:17:35,N,1,1,7.79,39,1,0.5,0,0,,40.8,2,,,1,0.3,241,75
2,2018-02-10 10:56:08,2018-02-10 11:25:03,N,1,1,13.9,39,0,0.5,7.96,0,,47.76,1,,,1,0.3,53,65
2,2018-01-16 10:54:05,2018-01-16 11:45:12,N,1,1,10.73,39,0,0.5,0,0,,39.8,1,,,1,0.3,232,243
2,2018-04-18 14:55:09,2018-04-18 15:45:03,N,1,1,11.54,39,0,0.5,0,0,,39.8,1,,,1,0.3,231,42
2,2018-04-21 17:34:40,2018-04-21 18:19:50,N,1,2,11.71,39,0,0.5,0,0,,39.8,1,,,1,0.3,258,101
2,2018-03-20 09:09:15,2018-03-20 09:56:01,N,1,1,9.83,39,0,0.5,0,0,,39.8,1,,,1,0.3,146,130
2,2018-02-27 08:16:03,2018-02-27 09:00:32,N,1,6,12.08,39,0,0.5,0,0,,39.8,2,,,1,0.3,15,226
2,2018-02-08 13:53:19,2018-02-08 14:40:15,N,1,1,11,39,0,0.5,0,0,,39.8,2,,,1,0.3,162,61
2,2018-02-09 18:03:22,2018-02-09 19:13:03,N,1,1,25.93,74.5,1,0.5,0,17.28,,93.58,2,,,1,0.3,84,166
2,2018-01-14 15:38:34,2018-01-14 16:16:41,N,3,1,20.78,74.5,0,0,13,12.5,,100.3,1,,,1,0.3,1,75
2,2018-01-12 23:30:38,2018-01-13 00:13:26,N,1,1,19.77,55.5,0.5,0.5,0,0,,56.8,2,,,1,0.3,203,65
1,2018-03-05 06:05:11,2018-03-05 06:41:22,N,1,1,20.5,55.5,0,0.5,5,5.76,,67.06,1,,,1,0.3,161,150
2,2018-03-12 15:51:04,2018-03-12 17:08:13,N,1,1,13.41,55.5,0,0.5,0,5.76,,62.06,1,,,1,0.3,238,71
2,2018-04-26 16:29:54,2018-04-26 17:44:00,N,1,2,14.12,55.5,1,0.5,0,2.16,,59.46,1,,,1,0.3,117,217
2,2018-02-02 10:49:04,2018-02-02 11:30:29,N,1,2,19.53,55.5,0,0.5,0,0,,56.3,1,,,1,0.3,52,39
2,2018-04-30 18:22:15,2018-04-30 18:22:28,N,5,1,0,110,0,0,0,0,,110,2,,,2,0,55,55
1,2018-02-06 09:53:03,2018-02-06 10:24:54,N,1,1,11.1,36.5,0,0.5,5.6,0,,42.9,1,,,1,0.3,250,136
1,2018-02-01 20:23:26,2018-02-01 20:55:45,N,1,1,11.9,36.5,0.5,0.5,0,0,,37.8,2,,,1,0.3,142,95
2,2018-01-08 00:18:40,2018-01-08 00:41:32,N,1,1,13.01,36.5,0.5,0.5,0,0,,37.8,2,,,1,0.3,106,7
2,2018-03-13 08:06:59,2018-03-13 08:52:53,N,1,1,9.53,36.5,0,0.5,0,5.76,,43.06,1,,,1,0.3,157,147
2,2018-03-10 15:39:10,2018-03-10 16:10:58,N,1,1,12.24,36.5,0,0.5,0,5.76,,43.06,2,,,1,0.3,260,241
2,2018-01-10 21:39:02,2018-01-10 22:06:51,N,1,1,12.2,36.5,0.5,0.5,7.2,0,,45,1,,,1,0.3,89,226
2,2018-02-07 16:43:00,2018-02-07 17:42:48,N,1,1,6.4,36.5,1,0.5,0,0,,38.3,2,,,1,0.3,62,181
2,2018-03-30 03:39:56,2018-03-30 04:00:26,N,1,1,13.22,36.5,0.5,0.5,7.56,0,,45.36,1,,,1,0.3,15,226
2,2018-01-10 10:38:19,2018-01-10 10:58:12,N,1,1,13.19,36.5,0,0.5,9.32,0,,46.62,1,,,1,0.3,132,223
2,2018-04-25 11:05:29,2018-04-25 12:02:08,N,1,2,6.93,36.5,0,0.5,0,0,,37.3,2,,,1,0.3,28,226
2,2018-04-01 10:00:33,2018-04-01 10:52:07,N,1,1,8.57,36.5,0,0.5,0,0,,37.3,2,,,1,0.3,225,37
2,2018-04-25 15:00:47,2018-04-25 16:18:59,N,1,1,13.05,53,1,0.5,0,0,,54.8,1,,,1,0.3,74,17
2,2018-04-15 17:11:19,2018-04-15 18:08:07,N,1,1,16.72,53,0,0.5,0,0,,53.8,2,,,1,0.3,77,74
1,2018-04-01 03:01:59,2018-04-01 03:38:47,N,1,1,10,34,0.5,0.5,0,0,,35.3,2,,,1,0.3,41,255
2,2018-01-19 22:56:21,2018-01-19 23:30:36,N,1,1,10.82,34,0.5,0.5,0,0,,35.3,2,,,1,0.3,86,130
2,2018-01-10 00:51:39,2018-01-10 01:11:34,N,1,5,12.39,34,0.5,0.5,0,0,,35.3,2,,,1,0.3,22,65
2,2018-02-28 16:33:25,2018-02-28 17:24:54,N,1,1,7.39,34,1,0.5,0,0,,35.8,1,,,1,0.3,69,250
2,2018-04-13 16:12:41,2018-04-13 16:50:41,N,1,1,10.36,34,1,0.5,0,0,,35.8,1,,,1,0.3,227,108
2,2018-03-11 00:48:27,2018-03-11 01:11:29,N,5,4,4.54,34,0,0,0,0,,34,2,,,2,0,234,66
1,2018-04-01 16:46:13,2018-04-01 17:27:59,N,1,1,10.4,34,0,0.5,0,0,,34.8,3,,,1,0.3,141,92
2,2018-02-01 12:53:11,2018-02-01 13:25:58,N,1,1,10.23,34,0,0.5,0,0,,34.8,1,,,1,0.3,94,51
2,2018-02-28 09:25:07,2018-02-28 10:15:17,N,1,1,6.97,34,0,0.5,0,0,,34.8,1,,,1,0.3,165,17
2,2018-03-28 15:32:10,2018-03-28 16:26:19,N,1,1,7.92,34,0,0.5,0,0,,34.8,1,,,1,0.3,195,226
2,2018-02-13 08:03:49,2018-02-13 08:51:01,N,1,1,9.01,34,0,0.5,0,0,,34.8,1,,,1,0.3,65,223
1,2018-04-11 16:00:12,2018-04-11 16:49:36,N,1,1,7.3,34,0,0.5,0,0,,34.8,2,,,1,0.3,211,7
1,2018-05-03 15:38:03,2018-05-03 16:21:46,N,1,2,8.7,34,0,0.5,6.95,0,,41.75,1,,,1,0.3,90,244
2,2018-02-11 21:02:37,2018-02-11 21:31:23,N,1,1,11.83,34,0.5,0.5,5.3,0,,42.55,1,,,1,0.3,230,89
2,2018-05-04 07:39:31,2018-05-04 09:15:44,N,1,1,18.05,69.5,0,0.5,0,5.76,,76.06,1,,,1,0.3,74,76
2,2018-04-23 16:21:04,2018-04-23 16:24:19,N,1,1,0.47,-4,-1,-0.5,0,0,,-5.8,4,,,1,-0.3,181,189
2,2018-03-19 13:38:30,2018-03-19 13:42:07,N,1,1,0.36,-4,0,-0.5,0,0,,-4.8,3,,,1,-0.3,97,49
2,2018-03-30 07:54:47,2018-03-30 08:30:16,N,1,5,17.68,50.5,0,0.5,0,5.76,,57.06,1,,,1,0.3,217,240
2,2018-03-14 16:28:38,2018-03-14 17:36:31,N,1,1,13.73,50.5,1,0.5,0,0,,52.3,1,,,1,0.3,145,65
2,2018-01-19 08:02:06,2018-01-19 08:47:41,N,1,1,17.78,50.5,0,0.5,0,0,,51.3,1,,,1,0.3,55,35
2,2018-02-03 06:23:58,2018-02-03 07:01:12,N,1,1,17.86,50.5,0,0.5,0,0,,51.3,1,,,1,0.3,89,69
2,2018-02-10 21:19:08,2018-02-10 22:06:07,N,1,1,6.6,31.5,0.5,0.5,1.8,0,,34.6,1,,,1,0.3,90,188
1,2018-03-25 03:10:44,2018-03-25 03:37:17,N,1,1,10.1,31.5,0.5,0.5,0,0,,32.8,2,,,1,0.3,191,82
2,2018-01-29 23:40:15,2018-01-29 23:59:57,N,1,5,11.25,31.5,0.5,0.5,0,0,,32.8,1,,,1,0.3,81,168
2,2018-04-04 08:01:27,2018-04-04 08:21:48,N,1,1,10.8,31.5,0,0.5,0,5.76,,38.06,1,,,1,0.3,134,74
2,2018-01-20 16:36:21,2018-01-20 17:10:35,N,1,1,9.65,31.5,0,0.5,6.46,0,,38.76,1,,,1,0.3,148,75
2,2018-03-01 17:56:01,2018-03-01 18:42:53,N,1,1,6.37,31.5,1,0.5,0,0,,33.3,1,,,1,0.3,198,25
2,2018-04-12 17:57:05,2018-04-12 18:27:42,N,1,1,9.51,31.5,1,0.5,0,0,,33.3,1,,,1,0.3,157,212
2,2018-01-19 16:36:33,2018-01-19 17:20:09,N,1,1,6.42,31.5,1,0.5,0,0,,33.3,2,,,1,0.3,230,65
2,2018-04-22 11:27:13,2018-04-22 12:01:02,N,1,1,8.84,31.5,0,0.5,0,0,,32.3,1,,,1,0.3,51,159
2,2018-01-31 13:06:52,2018-01-31 13:49:50,N,1,1,6.73,31.5,0,0.5,0,0,,32.3,1,,,1,0.3,4,74
2,2018-04-26 14:02:36,2018-04-26 14:27:34,N,1,1,10.63,31.5,0,0.5,0,0,,32.3,1,,,1,0.3,254,74
2,2018-02-13 10:16:04,2018-02-13 11:06:47,N,1,1,5.69,31.5,0,0.5,0,0,,32.3,1,,,1,0.3,33,35
1,2018-02-24 10:18:21,2018-02-24 10:41:28,Y,1,1,10.6,31.5,0,0.5,9.65,0,,41.95,1,,,1,0.3,158,127
2,2018-05-04 16:12:43,2018-05-04 17:46:23,N,1,1,16.5,67,1,0.5,0,5.76,,74.56,1,,,1,0.3,100,205
1,2018-05-07 15:14:07,2018-05-07 16:48:04,N,1,1,15.2,67,0,0.5,0,0,,67.8,3,,,1,0.3,244,244
2,2018-04-08 22:04:27,2018-04-08 22:31:18,N,1,1,17.97,48,0.5,0.5,25,5.76,,80.06,1,,,1,0.3,132,263
2,2018-01-25 15:01:23,2018-01-25 15:57:55,N,1,1,15.82,48,0,0.5,9.76,0,,58.56,1,,,1,0.3,132,255
2,2018-03-14 18:23:50,2018-03-14 19:26:58,N,1,1,12.67,48,1,0.5,0,0,,49.8,1,,,1,0.3,234,26
2,2018-05-02 10:43:24,2018-05-02 11:24:02,N,1,2,15.43,48,0,0.5,0,0,,48.8,1,,,1,0.3,232,28
2,2018-04-25 14:19:33,2018-04-25 14:56:04,N,1,1,16.49,48,0,0.5,7.72,2.64,,59.16,1,,,1,0.3,90,174
2,2018-03-22 20:22:14,2018-03-22 20:52:21,N,1,1,8.32,29,0.5,0.5,4.54,0,,34.84,1,,,1,0.3,238,66
1,2018-01-23 03:39:35,2018-01-23 03:58:56,N,1,1,9.9,29,0.5,0.5,0,0,,30.3,2,,,1,0.3,75,25
1,2018-03-08 22:27:09,2018-03-08 22:51:17,N,1,1,9.5,29,0.5,0.5,0,0,,30.3,2,,,1,0.3,107,167
2,2018-01-12 22:42:26,2018-01-12 23:23:04,N,1,1,6.9,29,0.5,0.5,0,0,,30.3,2,,,1,0.3,48,255
2,2018-01-08 07:36:17,2018-01-08 08:22:07,N,1,1,5.11,29,0,0.5,4.47,0,,36.22,1,,,1,0.3,141,116
2,2018-05-01 16:18:00,2018-05-01 16:58:28,N,1,1,6.96,29,1,0.5,7.7,0,,38.5,1,,,1,0.3,112,75
2,2018-04-24 12:17:15,2018-04-24 12:47:15,N,1,1,8.26,29,0,0.5,5,5.76,,40.56,1,,,1,0.3,138,166
2,2018-03-13 10:50:46,2018-03-13 11:06:22,N,1,1,10.31,29,0,0.5,0,5.76,,35.56,2,,,1,0.3,213,134
2,2018-04-06 09:23:17,2018-04-06 09:53:44,N,1,1,7.85,29,0,0.5,0,5.76,,35.56,1,,,1,0.3,260,75
2,2018-03-08 17:09:16,2018-03-08 17:54:59,N,1,5,5.8,29,1,0.5,0,0,,30.8,1,,,1,0.3,89,49
2,2018-03-09 17:53:55,2018-03-09 18:29:12,N,1,2,8.37,29,1,0.5,0,0,,30.8,1,,,1,0.3,19,216
2,2018-04-09 10:32:58,2018-04-09 11:00:23,N,1,2,8.33,29,0,0.5,0,0,,29.8,1,,,1,0.3,45,75
2,2018-04-10 12:29:38,2018-04-10 12:59:08,N,1,1,9.24,29,0,0.5,0,0,,29.8,1,,,1,0.3,65,22
2,2018-03-12 15:28:16,2018-03-12 15:56:54,N,1,1,9.12,29,0,0.5,0,0,,29.8,1,,,1,0.3,55,222
2,2018-03-01 11:45:58,2018-03-01 12:28:52,N,1,1,6.21,29,0,0.5,0,0,,29.8,1,,,1,0.3,155,225
2,2018-01-22 14:22:56,2018-01-22 14:59:57,N,1,1,8.3,29,0,0.5,0,0,,29.8,1,,,1,0.3,28,134
2,2018-03-23 08:57:24,2018-03-23 09:24:37,N,1,1,9.84,29,0,0.5,0,0,,29.8,1,,,1,0.3,247,51
2,2018-04-20 07:39:39,2018-04-20 08:04:40,N,1,1,9.32,29,0,0.5,0,0,,29.8,1,,,1,0.3,174,75
2,2018-01-09 11:13:25,2018-01-09 11:54:25,N,1,1,6.43,29,0,0.5,0,0,,29.8,1,,,1,0.3,26,177
2,2018-01-13 14:01:13,2018-01-13 14:25:19,N,1,1,9.3,29,0,0.5,0,0,,29.8,1,,,1,0.3,51,159
2,2018-03-29 14:58:42,2018-03-29 15:29:28,N,1,1,8.55,29,0,0.5,0,0,,29.8,1,,,1,0.3,200,69
2,2018-01-29 13:14:15,2018-01-29 13:36:03,N,1,1,9.73,29,0,0.5,0,0,,29.8,1,,,1,0.3,129,130
2,2018-04-02 13:30:35,2018-04-02 14:13:26,N,1,5,5.2,29,0,0.5,0,0,,29.8,1,,,1,0.3,196,180
2,2018-02-24 10:08:32,2018-02-24 10:42:24,N,1,1,8.18,29,0,0.5,0,0,,29.8,2,,,1,0.3,79,166
2,2018-05-03 10:09:46,2018-05-03 10:54:50,N,1,1,5.11,29,0,0.5,0,0,,29.8,1,,,1,0.3,25,189
2,2018-01-12 20:56:08,2018-01-12 21:18:39,N,1,1,10.12,29,0.5,0.5,0,5.76,,36.06,2,,,1,0.3,250,82
1,2018-01-31 09:29:16,2018-01-31 10:02:47,N,1,1,8.9,29,0,0.5,5.95,0,,35.75,1,,,1,0.3,239,66
2,2018-03-20 06:24:35,2018-03-20 06:48:09,N,1,1,9.64,29,0,0.5,10.67,5.76,,46.23,1,,,1,0.3,244,260
2,2018-04-16 14:54:49,2018-04-16 15:18:13,N,1,1,9.55,29,0,0.5,5.96,0,,37.71,1,,,1,0.3,75,66
1,2018-01-10 20:06:45,2018-01-10 20:19:34,N,5,2,2.2,6.7,0,0,0,0,,7,2,,,1,0.3,198,36
2,2018-04-13 17:01:38,2018-04-13 18:33:51,N,1,1,16.49,64.5,1,0.5,0,0,,66.3,1,,,1,0.3,149,56
2,2018-02-05 16:09:26,2018-02-05 17:19:44,N,4,1,29.09,119,1,0.5,26.66,12.5,,159.96,1,,,1,0.3,265,236
2,2018-03-09 20:44:36,2018-03-09 21:26:54,N,1,1,15.11,45.5,0.5,0.5,9.36,0,,56.16,1,,,1,0.3,243,97
2,2018-04-06 08:57:18,2018-04-06 09:45:45,N,1,1,14.19,45.5,0,0.5,0,0,,46.3,1,,,1,0.3,231,55
2,2018-05-03 15:30:32,2018-05-03 16:36:28,N,1,1,12.42,45.5,0,0.5,0,0,,46.3,1,,,1,0.3,131,179
2,2018-01-01 00:02:36,2018-01-01 00:38:41,N,1,1,6.37,26.5,0.5,0.5,5.56,0,,33.36,1,,,1,0.3,90,36
2,2018-01-25 20:10:19,2018-01-25 20:41:27,N,1,1,7.1,26.5,0.5,0.5,5.56,0,,33.36,1,,,1,0.3,107,41
2,2018-01-12 14:38:34,2018-01-12 15:18:48,N,1,1,5.25,26.5,0,0.5,0,0,,31.2,2,,,1,0.3,72,97
2,2018-01-19 14:04:13,2018-01-19 14:31:17,N,1,1,7.98,26.5,0,0.5,3,0,,30.3,1,,,1,0.3,140,244
1,2018-01-20 04:55:07,2018-01-20 05:25:18,N,1,1,7.9,26.5,0.5,0.5,0,0,,27.8,2,,,1,0.3,7,7
2,2018-01-15 23:48:21,2018-01-16 00:12:29,N,1,1,8.58,26.5,0.5,0.5,0,0,,27.8,2,,,1,0.3,198,97
1,2018-03-02 22:47:26,2018-03-02 23:13:38,N,1,1,8,26.5,0.5,0.5,0,0,,27.8,2,,,1,0.3,82,166
2,2018-01-01 03:36:23,2018-01-01 04:01:28,N,1,1,7.93,26.5,0.5,0.5,0,0,,27.8,2,,,1,0.3,82,97
2,2018-03-04 01:31:03,2018-03-04 01:52:25,N,1,1,8.71,26.5,0.5,0.5,0,0,,27.8,2,,,1,0.3,3,41
2,2018-04-28 23:17:46,2018-04-28 23:51:32,N,1,1,6.52,26.5,0.5,0.5,0,0,,27.8,2,,,1,0.3,79,236
2,2018-01-19 18:54:24,2018-01-19 19:27:41,N,1,3,8.11,26.5,1,0.5,5.66,0,,33.96,1,,,1,0.3,148,41
1,2018-03-19 17:02:59,2018-03-19 17:28:54,N,1,1,7.1,26.5,1,0.5,5.66,0,,33.96,1,,,1,0.3,230,244
2,2018-01-09 16:35:34,2018-01-09 17:08:20,N,1,1,6.81,26.5,1,0.5,5.66,0,,33.96,1,,,1,0.3,90,41
1,2018-01-29 10:24:50,2018-01-29 10:52:07,N,1,1,7.3,26.5,0,0.5,4.5,0,,31.8,1,,,1,0.3,186,116
2,2018-04-06 06:33:31,2018-04-06 06:58:15,N,1,1,8.08,26.5,0,0.5,0,5.76,,33.06,1,,,1,0.3,226,42
1,2018-01-03 09:16:16,2018-01-03 09:44:22,N,1,1,8.1,26.5,0,0.5,6,0,,33.3,1,,,1,0.3,141,97
1,2018-01-02 16:17:02,2018-01-02 16:39:39,N,1,1,8.2,26.5,1,0.5,0,0,,28.3,2,,,1,0.3,48,247
2,2018-01-22 18:55:18,2018-01-22 19:32:57,N,1,1,5.97,26.5,1,0.5,0,0,,28.3,1,,,1,0.3,85,76
2,2018-02-28 16:32:22,2018-02-28 17:09:38,N,1,1,4.83,26.5,1,0.5,0,0,,28.3,1,,,1,0.3,47,254
2,2018-02-07 16:08:06,2018-02-07 16:47:54,N,1,1,5.16,26.5,1,0.5,0,0,,28.3,1,,,1,0.3,198,226
1,2018-04-27 16:31:34,2018-04-27 17:13:27,N,1,1,4.5,26.5,1,0.5,0,0,,28.3,2,,,1,0.3,260,92
2,2018-01-25 17:48:51,2018-01-25 18:30:39,N,1,1,4.57,26.5,1,0.5,0,0,,28.3,2,,,1,0.3,100,41
2,2018-03-07 07:55:28,2018-03-07 08:26:52,N,1,1,6.94,26.5,0,0.5,9.92,5.76,,42.98,1,,,1,0.3,167,7
2,2018-02-26 08:23:16,2018-02-26 09:06:12,N,1,1,4.54,26.5,0,0.5,1.7,0,,29,1,,,1,0.3,141,74
2,2018-02-07 15:44:16,2018-02-07 16:26:05,N,1,1,5.29,26.5,0,0.5,5.46,0,,32.76,1,,,1,0.3,68,226
2,2018-05-05 09:22:31,2018-05-05 09:50:31,N,1,1,7.37,26.5,0,0.5,5.46,0,,32.76,1,,,1,0.3,68,42
1,2018-05-02 15:14:09,2018-05-02 15:41:41,N,1,1,8.1,26.5,0,0.5,5.46,0,,32.76,1,,,1,0.3,144,14
2,2018-02-18 12:49:48,2018-02-18 13:18:27,N,1,1,7.81,26.5,0,0.5,3,5.76,,36.06,1,,,1,0.3,246,181
2,2018-04-27 08:32:34,2018-04-27 09:10:30,N,1,6,6.39,26.5,0,0.5,0,0,,27.3,1,,,1,0.3,82,216
1,2018-01-25 11:29:15,2018-01-25 12:00:15,N,1,1,8.3,26.5,0,0.5,0,0,,27.3,2,,,1,0.3,66,82
2,2018-03-11 11:49:26,2018-03-11 12:13:17,N,1,1,8.22,26.5,0,0.5,0,0,,27.3,2,,,1,0.3,230,25
2,2018-02-04 07:51:22,2018-02-04 08:14:04,N,1,1,8.36,26.5,0,0.5,0,0,,27.3,2,,,1,0.3,69,51
2,2018-03-06 10:04:29,2018-03-06 10:42:53,N,1,1,4.84,26.5,0,0.5,0,0,,27.3,1,,,1,0.3,37,25
2,2018-01-03 15:05:31,2018-01-03 15:30:46,N,1,1,7.87,26.5,0,0.5,0,0,,27.3,1,,,1,0.3,236,244
2,2018-01-21 19:54:17,2018-01-21 20:27:26,N,1,1,7.15,26.5,0,0.5,0,0,,27.3,1,,,1,0.3,35,228
2,2018-01-28 18:19:36,2018-01-28 18:51:52,N,1,1,6.92,26.5,0,0.5,0,0,,27.3,1,,,1,0.3,68,74
1,2018-02-04 14:40:09,2018-02-04 15:16:43,N,1,1,7.1,26.5,0,0.5,0,0,,27.3,1,,,1,0.3,158,181
1,2018-02-15 10:30:24,2018-02-15 10:54:40,N,1,1,8.5,26.5,0,0.5,4.1,0,,31.4,1,,,1,0.3,51,169
1,2018-03-06 10:15:56,2018-03-06 10:55:07,N,1,1,5.3,26.5,0,0.5,5.45,0,,32.75,1,,,1,0.3,100,43
1,2018-02-12 10:29:48,2018-02-12 11:04:06,N,1,1,6.8,26.5,0,0.5,5.45,0,,32.75,1,,,1,0.3,233,42
1,2018-05-01 09:56:13,2018-05-01 10:26:48,N,1,1,7.6,26.5,0,0.5,5.45,0,,32.75,1,,,1,0.3,13,166
2,2018-02-14 14:06:07,2018-02-14 14:42:00,N,3,2,15.15,62,0,0,10.92,10.5,,83.72,1,,,1,0.3,1,65
2,2018-01-14 17:43:01,2018-01-14 18:49:37,N,1,6,43.6,116.5,0,0.5,25.96,12.5,,155.76,1,,,1,0.3,265,247
2,2018-04-02 13:14:02,2018-04-02 13:53:57,N,1,2,12.73,43,0,0.5,0,0,,43.8,1,,,1,0.3,16,226
2,2018-04-22 14:15:13,2018-04-22 14:51:24,N,1,1,15.49,43,0,0.5,0,0,,43.8,2,,,1,0.3,132,145
2,2018-05-03 20:40:07,2018-05-03 21:29:43,N,1,6,12.53,43,0.5,0.5,10.01,5.76,,60.07,1,,,1,0.3,181,166
2,2018-02-05 17:42:56,2018-02-05 18:19:47,N,1,2,14.17,40.5,1,0.5,8.46,0,,50.76,1,,,1,0.3,132,129
2,2018-01-29 09:30:11,2018-01-29 10:13:18,N,1,1,11.29,40.5,0,0.5,8.26,0,,49.56,1,,,1,0.3,132,188
2,2018-04-09 14:56:00,2018-04-09 15:47:43,N,1,1,12.54,40.5,0,0.5,8.26,0,,49.56,1,,,1,0.3,52,95
2,2018-03-26 08:17:44,2018-03-26 09:16:14,N,1,1,9.18,40.5,0,0.5,0,0,,41.3,1,,,1,0.3,92,216
2,2018-01-22 08:45:30,2018-01-22 09:46:13,N,1,1,9.02,40.5,0,0.5,0,0,,41.3,1,,,1,0.3,188,91
2,2018-03-07 07:39:25,2018-03-07 08:33:10,N,1,1,11.27,40.5,0,0.5,0,0,,41.3,1,,,1,0.3,33,108
1,2018-05-01 10:14:18,2018-05-01 11:09:23,N,1,1,8.4,40.5,0,0.5,0,0,,41.3,2,,,1,0.3,42,42
2,2018-04-20 15:44:58,2018-04-20 16:36:24,N,1,1,10.59,40.5,0,0.5,0,0,,41.3,1,,,1,0.3,61,192
1,2018-04-02 14:55:24,2018-04-02 15:38:38,N,1,1,12.4,40.5,0,0.5,8.25,0,,49.55,1,,,1,0.3,132,25
2,2018-04-03 10:19:28,2018-04-03 11:55:22,N,1,1,18.73,76,0,0.5,0,5.76,,82.56,2,,,1,0.3,25,69
1,2018-04-03 19:09:28,2018-04-03 19:57:20,N,1,2,20.5,57,1,0.5,0,5.76,,64.56,2,,,1,0.3,198,244
2,2018-03-31 14:20:50,2018-03-31 15:19:43,N,1,6,11.11,38,0,0.5,0,0,,38.8,2,,,1,0.3,230,112
2,2018-03-21 06:07:21,2018-03-21 06:30:15,N,1,2,13.64,38,0,0.5,0,0,,38.8,1,,,1,0.3,55,65
2,2018-02-15 14:36:54,2018-02-15 15:17:32,N,1,1,10.43,38,0,0.5,0,0,,38.8,1,,,1,0.3,240,250
2,2018-02-28 09:04:38,2018-02-28 09:38:27,N,1,2,12.34,38,0,0.5,0,0,,38.8,1,,,1,0.3,260,216
2,2018-03-24 10:23:25,2018-03-24 10:58:52,N,1,1,11.86,38,0,0.5,0,0,,38.8,1,,,1,0.3,83,16
1,2018-03-08 15:23:27,2018-03-08 16:09:32,N,1,1,10.9,38,0,0.5,5.82,0,,44.62,1,,,1,0.3,10,181
2,2018-02-03 16:33:05,2018-02-03 17:21:13,N,1,1,9.29,38,0,0.5,7.76,0,,46.56,1,,,1,0.3,237,95
2,2018-04-11 23:56:19,2018-04-12 00:35:53,N,1,1,12.43,38,0.5,0.5,0,0,,39.3,1,,,1,0.3,224,136
2,2018-01-13 03:37:08,2018-01-13 03:37:33,N,5,1,0,38,0,0,2,0,,40,1,,,2,0,177,177
2,2018-05-03 15:28:17,2018-05-03 16:26:06,N,1,1,10.34,38,0,0.5,0,5.76,,44.56,1,,,1,0.3,74,256
2,2018-02-21 16:35:12,2018-02-21 17:09:57,N,1,1,12.69,38,1,0.5,0,0,,39.8,1,,,1,0.3,205,226
2,2018-01-19 14:10:00,2018-01-19 14:10:04,N,5,1,0.06,10.47,0,0,0,0,,10.47,1,,,2,0,25,25
